Frame,Module,Start_Time,End_Time,Duration_s,CPU_Usage_%,Memory_Usage_MB,Memory_Delta_MB,CPU_Time_User_s,CPU_Time_System_s,Estimated_Energy_Wh
0,lane_detection,10:19:09.399919,10:19:09.491018,0.091099,274.43,2847.75,27.88,0.210000,0.040000,0.00006556
0,car_overlay_reconstruction,10:19:09.491523,10:19:09.502928,0.011405,789.14,2848.00,0.25,0.090000,0.000000,0.00001864
0,object_detection_yolo,10:19:09.503339,10:19:09.606158,0.102819,807.25,2849.50,1.50,0.770000,0.060000,0.00017140
0,vehicle_analysis_postprocessing,10:19:09.613153,10:19:09.613382,0.000229,4364.52,2849.50,0.00,0.010000,0.000000,0.00000183
0,mqtt_communication,10:19:09.613723,10:19:09.617376,0.003653,547.49,2849.50,0.00,0.020000,0.000000,0.00000440
1,lane_detection,10:19:09.708223,10:19:09.791941,0.083718,238.90,2888.93,14.12,0.180000,0.020000,0.00005524
1,car_overlay_reconstruction,10:19:09.792336,10:19:09.794652,0.002316,863.47,2888.93,0.00,0.020000,0.000000,0.00000410
1,object_detection_yolo,10:19:09.794924,10:19:09.832404,0.037480,800.42,2888.93,0.00,0.290000,0.010000,0.00006215
1,vehicle_analysis_postprocessing,10:19:09.832898,10:19:09.833078,0.000180,0.00,2888.93,0.00,0.000000,0.000000,0.00000004
1,mqtt_communication,10:19:09.833392,10:19:09.833807,0.000416,0.00,2888.93,0.00,0.000000,0.000000,0.00000010
2,lane_detection,10:19:09.866511,10:19:09.941164,0.074653,803.72,2902.43,0.62,0.570000,0.030000,0.00012430
2,car_overlay_reconstruction,10:19:09.941663,10:19:09.944535,0.002871,696.55,2902.43,0.00,0.020000,0.000000,0.00000423
2,object_detection_yolo,10:19:09.944888,10:19:09.983143,0.038255,836.50,2902.43,0.00,0.290000,0.030000,0.00006592
2,vehicle_analysis_postprocessing,10:19:09.983646,10:19:09.983817,0.000171,0.00,2902.43,0.00,0.000000,0.000000,0.00000004
2,mqtt_communication,10:19:09.984141,10:19:09.984569,0.000428,2337.96,2902.43,0.00,0.010000,0.000000,0.00000188
3,lane_detection,10:19:10.021672,10:19:10.086109,0.064437,806.98,2909.05,0.50,0.500000,0.020000,0.00010770
3,car_overlay_reconstruction,10:19:10.086512,10:19:10.089131,0.002618,763.85,2909.05,0.00,0.020000,0.000000,0.00000418
3,object_detection_yolo,10:19:10.089425,10:19:10.126856,0.037431,801.46,2909.05,0.00,0.280000,0.020000,0.00006219
3,vehicle_analysis_postprocessing,10:19:10.127248,10:19:10.127400,0.000153,0.00,2909.05,0.00,0.000000,0.000000,0.00000004
3,mqtt_communication,10:19:10.127652,10:19:10.127969,0.000317,0.00,2909.05,0.00,0.000000,0.000000,0.00000008
4,lane_detection,10:19:10.156751,10:19:10.220525,0.063773,799.71,2912.55,0.00,0.480000,0.030000,0.00010578
4,car_overlay_reconstruction,10:19:10.221090,10:19:10.224300,0.003210,623.09,2912.55,0.00,0.020000,0.000000,0.00000432
4,object_detection_yolo,10:19:10.224683,10:19:10.263209,0.038526,804.66,2912.55,0.00,0.290000,0.020000,0.00006424
4,vehicle_analysis_postprocessing,10:19:10.263573,10:19:10.263694,0.000120,0.00,2912.55,0.00,0.000000,0.000000,0.00000003
4,mqtt_communication,10:19:10.263896,10:19:10.264179,0.000283,0.00,2912.55,0.00,0.000000,0.000000,0.00000007
5,lane_detection,10:19:10.293339,10:19:10.367911,0.074571,804.60,2914.80,0.00,0.570000,0.030000,0.00012436
5,car_overlay_reconstruction,10:19:10.368367,10:19:10.371004,0.002637,758.53,2914.80,0.00,0.020000,0.000000,0.00000418
5,object_detection_yolo,10:19:10.371331,10:19:10.408906,0.037575,798.40,2914.80,0.00,0.270000,0.030000,0.00006225
5,vehicle_analysis_postprocessing,10:19:10.409357,10:19:10.409539,0.000182,0.00,2914.80,0.00,0.000000,0.000000,0.00000004
5,mqtt_communication,10:19:10.409811,10:19:10.410176,0.000365,0.00,2914.80,0.00,0.000000,0.000000,0.00000009
6,lane_detection,10:19:10.450271,10:19:10.543703,0.093432,813.42,2918.30,0.00,0.710000,0.050000,0.00015730
6,car_overlay_reconstruction,10:19:10.544267,10:19:10.547542,0.003274,610.79,2918.30,0.00,0.020000,0.000000,0.00000433
6,object_detection_yolo,10:19:10.547927,10:19:10.586577,0.038650,776.19,2918.30,0.00,0.280000,0.020000,0.00006251
6,vehicle_analysis_postprocessing,10:19:10.586956,10:19:10.587097,0.000142,0.00,2918.30,0.00,0.000000,0.000000,0.00000003
6,mqtt_communication,10:19:10.587320,10:19:10.587608,0.000288,0.00,2918.30,0.00,0.000000,0.000000,0.00000007
7,lane_detection,10:19:10.622672,10:19:10.684657,0.061985,806.64,2921.68,0.00,0.460000,0.040000,0.00010363
7,car_overlay_reconstruction,10:19:10.685055,10:19:10.687404,0.002349,851.29,2921.68,0.00,0.020000,0.000000,0.00000411
7,object_detection_yolo,10:19:10.687671,10:19:10.724589,0.036918,812.61,2921.68,0.00,0.280000,0.020000,0.00006211
7,vehicle_analysis_postprocessing,10:19:10.724981,10:19:10.725156,0.000175,0.00,2921.68,0.00,0.000000,0.000000,0.00000004
7,mqtt_communication,10:19:10.725395,10:19:10.725731,0.000336,0.00,2921.68,0.00,0.000000,0.000000,0.00000008
8,lane_detection,10:19:10.753818,10:19:10.825505,0.071687,809.07,2925.18,0.00,0.550000,0.030000,0.00012018
8,car_overlay_reconstruction,10:19:10.825974,10:19:10.828918,0.002944,1019.02,2925.18,0.00,0.030000,0.000000,0.00000603
8,object_detection_yolo,10:19:10.829273,10:19:10.867536,0.038264,810.17,2925.18,0.00,0.290000,0.020000,0.00006422
8,vehicle_analysis_postprocessing,10:19:10.868031,10:19:10.868210,0.000178,0.00,2925.18,0.00,0.000000,0.000000,0.00000004
8,mqtt_communication,10:19:10.868448,10:19:10.868774,0.000327,3061.54,2925.18,0.00,0.010000,0.000000,0.00000186
9,lane_detection,10:19:10.899072,10:19:10.977408,0.078336,804.23,2928.55,0.00,0.590000,0.040000,0.00013067
9,car_overlay_reconstruction,10:19:10.977814,10:19:10.980341,0.002527,791.38,2928.55,0.00,0.020000,0.000000,0.00000416
9,object_detection_yolo,10:19:10.980628,10:19:11.017824,0.037197,806.52,2928.55,0.00,0.290000,0.010000,0.00006220
9,vehicle_analysis_postprocessing,10:19:11.018208,10:19:11.018326,0.000118,0.00,2928.55,0.00,0.000000,0.000000,0.00000003
9,mqtt_communication,10:19:11.018532,10:19:11.018803,0.000272,0.00,2928.55,0.00,0.000000,0.000000,0.00000006
10,lane_detection,10:19:11.049684,10:19:11.138161,0.088477,802.47,2932.05,0.00,0.680000,0.030000,0.00014733
10,car_overlay_reconstruction,10:19:11.138632,10:19:11.141462,0.002830,1060.15,2932.05,0.00,0.030000,0.000000,0.00000601
10,object_detection_yolo,10:19:11.141786,10:19:11.179833,0.038048,814.77,2932.05,0.00,0.290000,0.020000,0.00006419
10,vehicle_analysis_postprocessing,10:19:11.180343,10:19:11.180499,0.000157,0.00,2932.05,0.00,0.000000,0.000000,0.00000004
10,mqtt_communication,10:19:11.180774,10:19:11.181199,0.000425,2352.39,2932.05,0.00,0.010000,0.000000,0.00000188
11,lane_detection,10:19:11.205728,10:19:11.274611,0.068883,798.46,2938.55,3.00,0.510000,0.040000,0.00011425
11,car_overlay_reconstruction,10:19:11.274985,10:19:11.277197,0.002212,452.07,2938.55,0.00,0.010000,0.000000,0.00000231
11,object_detection_yolo,10:19:11.277451,10:19:11.314317,0.036865,813.77,2938.55,0.00,0.290000,0.010000,0.00006215
11,vehicle_analysis_postprocessing,10:19:11.314702,10:19:11.314867,0.000165,0.00,2938.55,0.00,0.000000,0.000000,0.00000004
11,mqtt_communication,10:19:11.315124,10:19:11.315468,0.000344,2908.67,2938.55,0.00,0.010000,0.000000,0.00000186
12,lane_detection,10:19:11.344599,10:19:11.429575,0.084976,811.99,2942.05,0.00,0.650000,0.040000,0.00014301
12,car_overlay_reconstruction,10:19:11.429935,10:19:11.432107,0.002172,920.61,2942.05,0.00,0.020000,0.000000,0.00000408
12,object_detection_yolo,10:19:11.432349,10:19:11.469270,0.036920,785.48,2942.05,0.00,0.270000,0.020000,0.00006040
12,vehicle_analysis_postprocessing,10:19:11.469655,10:19:11.469771,0.000116,0.00,2942.05,0.00,0.000000,0.000000,0.00000003
12,mqtt_communication,10:19:11.469969,10:19:11.470250,0.000281,3557.51,2942.05,0.00,0.010000,0.000000,0.00000185
13,lane_detection,10:19:11.493393,10:19:11.573092,0.079699,803.03,2946.05,0.50,0.600000,0.040000,0.00013289
13,car_overlay_reconstruction,10:19:11.573479,10:19:11.575835,0.002356,424.52,2946.05,0.00,0.010000,0.000000,0.00000234
13,object_detection_yolo,10:19:11.576103,10:19:11.613202,0.037099,781.69,2946.05,0.00,0.280000,0.010000,0.00006045
13,vehicle_analysis_postprocessing,10:19:11.613561,10:19:11.613678,0.000117,0.00,2946.05,0.00,0.000000,0.000000,0.00000003
13,mqtt_communication,10:19:11.613875,10:19:11.614151,0.000276,3625.15,2946.05,0.00,0.010000,0.000000,0.00000184
14,lane_detection,10:19:11.642421,10:19:11.725115,0.082693,810.22,2949.55,0.00,0.630000,0.040000,0.00013896
14,car_overlay_reconstruction,10:19:11.725606,10:19:11.728426,0.002820,709.28,2949.55,0.00,0.020000,0.000000,0.00000423
14,object_detection_yolo,10:19:11.728770,10:19:11.766783,0.038013,815.51,2949.55,0.00,0.290000,0.020000,0.00006424
14,vehicle_analysis_postprocessing,10:19:11.767273,10:19:11.767432,0.000159,0.00,2949.55,0.00,0.000000,0.000000,0.00000004
14,mqtt_communication,10:19:11.767705,10:19:11.768113,0.000408,0.00,2949.55,0.00,0.000000,0.000000,0.00000010
15,lane_detection,10:19:11.796218,10:19:11.874171,0.077953,808.18,2952.93,0.00,0.590000,0.040000,0.00013073
15,car_overlay_reconstruction,10:19:11.874600,10:19:11.877198,0.002598,769.74,2952.93,0.00,0.020000,0.000000,0.00000418
15,object_detection_yolo,10:19:11.877498,10:19:11.914930,0.037432,801.45,2952.93,0.00,0.280000,0.020000,0.00006233
15,vehicle_analysis_postprocessing,10:19:11.915325,10:19:11.915490,0.000165,0.00,2952.93,0.00,0.000000,0.000000,0.00000004
15,mqtt_communication,10:19:11.915725,10:19:11.916099,0.000374,2673.23,2952.93,0.00,0.010000,0.000000,0.00000187
16,lane_detection,10:19:11.940229,10:19:12.030968,0.090739,804.51,2956.30,0.00,0.700000,0.030000,0.00015161
16,car_overlay_reconstruction,10:19:12.031456,10:19:12.034301,0.002845,702.92,2956.30,0.00,0.020000,0.000000,0.00000424
16,object_detection_yolo,10:19:12.034611,10:19:12.072789,0.038177,785.81,2956.30,0.00,0.280000,0.020000,0.00006252
16,vehicle_analysis_postprocessing,10:19:12.073256,10:19:12.073428,0.000173,0.00,2956.30,0.00,0.000000,0.000000,0.00000004
16,mqtt_communication,10:19:12.073702,10:19:12.074115,0.000413,0.00,2956.30,0.00,0.000000,0.000000,0.00000010
17,lane_detection,10:19:12.106754,10:19:12.197307,0.090554,795.11,2959.30,0.00,0.690000,0.030000,0.00014981
17,car_overlay_reconstruction,10:19:12.197761,10:19:12.200564,0.002803,713.50,2959.30,0.00,0.020000,0.000000,0.00000423
17,object_detection_yolo,10:19:12.200886,10:19:12.239120,0.038234,810.79,2959.30,0.00,0.290000,0.020000,0.00006432
17,vehicle_analysis_postprocessing,10:19:12.239595,10:19:12.239750,0.000156,0.00,2959.30,0.00,0.000000,0.000000,0.00000004
17,mqtt_communication,10:19:12.240024,10:19:12.240386,0.000362,2764.87,2959.30,0.00,0.010000,0.000000,0.00000186
18,lane_detection,10:19:12.269558,10:19:12.351096,0.081539,821.70,2962.30,0.00,0.630000,0.040000,0.00013877
18,car_overlay_reconstruction,10:19:12.351559,10:19:12.354453,0.002895,690.93,2962.30,0.00,0.020000,0.000000,0.00000425
18,object_detection_yolo,10:19:12.354777,10:19:12.393018,0.038240,784.51,2962.30,0.00,0.280000,0.020000,0.00006255
18,vehicle_analysis_postprocessing,10:19:12.393543,10:19:12.393700,0.000157,0.00,2962.30,0.00,0.000000,0.000000,0.00000004
18,mqtt_communication,10:19:12.393973,10:19:12.394323,0.000350,0.00,2962.30,0.00,0.000000,0.000000,0.00000008
19,lane_detection,10:19:12.423783,10:19:12.515528,0.091745,795.68,2965.30,0.00,0.680000,0.050000,0.00015192
19,car_overlay_reconstruction,10:19:12.515983,10:19:12.518960,0.002977,671.89,2965.30,0.00,0.020000,0.000000,0.00000427
19,object_detection_yolo,10:19:12.519297,10:19:12.557495,0.038197,811.58,2965.30,0.00,0.290000,0.020000,0.00006433
19,vehicle_analysis_postprocessing,10:19:12.557971,10:19:12.558136,0.000166,0.00,2965.30,0.00,0.000000,0.000000,0.00000004
19,mqtt_communication,10:19:12.558414,10:19:12.558760,0.000346,2886.65,2965.30,0.00,0.010000,0.000000,0.00000186
20,lane_detection,10:19:12.588190,10:19:12.670517,0.082328,813.82,2968.30,0.00,0.650000,0.020000,0.00013900
20,car_overlay_reconstruction,10:19:12.671002,10:19:12.674072,0.003070,651.44,2968.30,0.00,0.020000,0.000000,0.00000430
20,object_detection_yolo,10:19:12.674406,10:19:12.712610,0.038204,811.43,2968.30,0.00,0.290000,0.020000,0.00006434
20,vehicle_analysis_postprocessing,10:19:12.713092,10:19:12.713247,0.000156,0.00,2968.30,0.00,0.000000,0.000000,0.00000004
20,mqtt_communication,10:19:12.713535,10:19:12.713916,0.000381,2624.72,2968.30,0.00,0.010000,0.000000,0.00000187
21,lane_detection,10:19:12.741989,10:19:12.822349,0.080361,796.41,2971.18,0.00,0.600000,0.040000,0.00013321
21,car_overlay_reconstruction,10:19:12.822868,10:19:12.825882,0.003014,663.50,2971.18,0.00,0.020000,0.000000,0.00000428
21,object_detection_yolo,10:19:12.826228,10:19:12.864260,0.038033,815.09,2971.18,0.00,0.290000,0.020000,0.00006431
21,vehicle_analysis_postprocessing,10:19:12.864627,10:19:12.864743,0.000116,8612.53,2971.18,0.00,0.010000,0.000000,0.00000181
21,mqtt_communication,10:19:12.864940,10:19:12.865209,0.000269,0.00,2971.18,0.00,0.000000,0.000000,0.00000007
22,lane_detection,10:19:12.893905,10:19:12.971071,0.077165,790.51,2974.18,0.00,0.580000,0.030000,0.00012712
22,car_overlay_reconstruction,10:19:12.971509,10:19:12.974185,0.002676,1120.87,2974.18,0.00,0.020000,0.010000,0.00000598
22,object_detection_yolo,10:19:12.974473,10:19:13.011808,0.037336,776.74,2974.18,0.00,0.280000,0.010000,0.00006059
22,vehicle_analysis_postprocessing,10:19:13.012183,10:19:13.012301,0.000118,0.00,2974.18,0.00,0.000000,0.000000,0.00000003
22,mqtt_communication,10:19:13.012501,10:19:13.012762,0.000261,3837.42,2974.18,0.00,0.010000,0.000000,0.00000184
23,lane_detection,10:19:13.041690,10:19:13.123882,0.082192,802.99,2977.18,0.00,0.620000,0.040000,0.00013725
23,car_overlay_reconstruction,10:19:13.124304,10:19:13.126956,0.002652,754.17,2977.18,0.00,0.020000,0.000000,0.00000420
23,object_detection_yolo,10:19:13.127248,10:19:13.164431,0.037183,806.83,2977.18,0.00,0.280000,0.020000,0.00006234
23,vehicle_analysis_postprocessing,10:19:13.164792,10:19:13.164926,0.000134,0.00,2977.18,0.00,0.000000,0.000000,0.00000003
23,mqtt_communication,10:19:13.165166,10:19:13.165453,0.000287,0.00,2977.18,0.00,0.000000,0.000000,0.00000007
24,lane_detection,10:19:13.194013,10:19:13.277583,0.083571,789.75,2980.18,0.00,0.630000,0.030000,0.00013760
24,car_overlay_reconstruction,10:19:13.278174,10:19:13.281205,0.003030,660.00,2980.18,0.00,0.020000,0.000000,0.00000429
24,object_detection_yolo,10:19:13.281479,10:19:13.318743,0.037264,805.06,2980.18,0.00,0.290000,0.010000,0.00006237
24,vehicle_analysis_postprocessing,10:19:13.319135,10:19:13.319253,0.000118,0.00,2980.18,0.00,0.000000,0.000000,0.00000003
24,mqtt_communication,10:19:13.319452,10:19:13.319712,0.000260,0.00,2980.18,0.00,0.000000,0.000000,0.00000006
25,lane_detection,10:19:13.348627,10:19:13.428529,0.079902,800.98,2983.18,0.00,0.610000,0.030000,0.00013318
25,car_overlay_reconstruction,10:19:13.428943,10:19:13.431807,0.002864,698.35,2983.18,0.00,0.020000,0.000000,0.00000425
25,object_detection_yolo,10:19:13.432125,10:19:13.469732,0.037608,797.71,2983.18,0.00,0.290000,0.010000,0.00006246
25,vehicle_analysis_postprocessing,10:19:13.470104,10:19:13.470263,0.000160,0.00,2983.18,0.00,0.000000,0.000000,0.00000004
25,mqtt_communication,10:19:13.470499,10:19:13.470810,0.000311,0.00,2983.18,0.00,0.000000,0.000000,0.00000008
26,lane_detection,10:19:13.499595,10:19:13.581766,0.082171,791.03,2986.05,0.00,0.630000,0.020000,0.00013552
26,car_overlay_reconstruction,10:19:13.582229,10:19:13.585288,0.003059,653.88,2986.05,0.00,0.020000,0.000000,0.00000430
26,object_detection_yolo,10:19:13.585606,10:19:13.623584,0.037978,842.60,2986.05,0.00,0.290000,0.030000,0.00006612
26,vehicle_analysis_postprocessing,10:19:13.623951,10:19:13.624134,0.000183,0.00,2986.05,0.00,0.000000,0.000000,0.00000004
26,mqtt_communication,10:19:13.624388,10:19:13.624664,0.000276,0.00,2986.05,0.00,0.000000,0.000000,0.00000007
27,lane_detection,10:19:13.653601,10:19:13.742499,0.088898,798.66,2989.05,0.00,0.670000,0.040000,0.00014785
27,car_overlay_reconstruction,10:19:13.742939,10:19:13.745978,0.003039,987.13,2989.05,0.00,0.020000,0.010000,0.00000607
27,object_detection_yolo,10:19:13.746324,10:19:13.784409,0.038085,787.71,2989.05,0.00,0.280000,0.020000,0.00006260
27,vehicle_analysis_postprocessing,10:19:13.784946,10:19:13.785134,0.000188,0.00,2989.05,0.00,0.000000,0.000000,0.00000005
27,mqtt_communication,10:19:13.785453,10:19:13.785837,0.000384,0.00,2989.05,0.00,0.000000,0.000000,0.00000009
28,lane_detection,10:19:13.817502,10:19:13.897894,0.080392,808.54,2992.05,0.00,0.610000,0.040000,0.00013513
28,car_overlay_reconstruction,10:19:13.898263,10:19:13.900589,0.002327,859.58,2992.05,0.00,0.020000,0.000000,0.00000412
28,object_detection_yolo,10:19:13.900843,10:19:13.937770,0.036927,785.34,2992.05,0.00,0.280000,0.010000,0.00006055
28,vehicle_analysis_postprocessing,10:19:13.938148,10:19:13.938271,0.000123,0.00,2992.05,0.00,0.000000,0.000000,0.00000003
28,mqtt_communication,10:19:13.938501,10:19:13.938781,0.000281,0.00,2992.05,0.00,0.000000,0.000000,0.00000007
29,lane_detection,10:19:13.958376,10:19:14.037657,0.079281,794.64,2995.05,0.00,0.590000,0.040000,0.00013132
29,car_overlay_reconstruction,10:19:14.038019,10:19:14.041135,0.003116,641.92,2995.05,0.00,0.020000,0.000000,0.00000431
29,object_detection_yolo,10:19:14.041494,10:19:14.079568,0.038074,814.21,2995.05,0.00,0.290000,0.020000,0.00006439
29,vehicle_analysis_postprocessing,10:19:14.079939,10:19:14.080066,0.000127,0.00,2995.05,0.00,0.000000,0.000000,0.00000003
29,mqtt_communication,10:19:14.080271,10:19:14.080523,0.000252,3964.37,2995.05,0.00,0.010000,0.000000,0.00000184
30,lane_detection,10:19:14.102338,10:19:14.182840,0.080502,807.43,2997.93,0.00,0.600000,0.050000,0.00013520
30,car_overlay_reconstruction,10:19:14.183320,10:19:14.186374,0.003054,654.95,2997.93,0.00,0.020000,0.000000,0.00000430
30,object_detection_yolo,10:19:14.186701,10:19:14.224973,0.038272,809.99,2997.93,0.00,0.300000,0.010000,0.00006445
30,vehicle_analysis_postprocessing,10:19:14.225445,10:19:14.225605,0.000160,0.00,2997.93,0.00,0.000000,0.000000,0.00000004
30,mqtt_communication,10:19:14.225881,10:19:14.226233,0.000352,2841.67,2997.93,0.00,0.010000,0.000000,0.00000186
31,lane_detection,10:19:14.255521,10:19:14.334559,0.079038,797.09,3000.93,0.00,0.600000,0.030000,0.00013130
31,car_overlay_reconstruction,10:19:14.335090,10:19:14.338085,0.002995,667.78,3000.93,0.00,0.020000,0.000000,0.00000429
31,object_detection_yolo,10:19:14.338411,10:19:14.376466,0.038054,814.62,3000.93,0.00,0.280000,0.030000,0.00006440
31,vehicle_analysis_postprocessing,10:19:14.376926,10:19:14.377106,0.000181,5533.38,3000.93,0.00,0.010000,0.000000,0.00000182
31,mqtt_communication,10:19:14.377387,10:19:14.377738,0.000351,0.00,3000.93,0.00,0.000000,0.000000,0.00000009
32,lane_detection,10:19:14.408143,10:19:14.497110,0.088967,809.29,3003.93,0.00,0.670000,0.050000,0.00014975
32,car_overlay_reconstruction,10:19:14.497482,10:19:14.499659,0.002177,918.70,3003.93,0.00,0.020000,0.000000,0.00000409
32,object_detection_yolo,10:19:14.499911,10:19:14.536835,0.036924,812.48,3003.93,0.00,0.280000,0.020000,0.00006236
32,vehicle_analysis_postprocessing,10:19:14.537218,10:19:14.537336,0.000118,0.00,3003.93,0.00,0.000000,0.000000,0.00000003
32,mqtt_communication,10:19:14.537533,10:19:14.537827,0.000293,0.00,3003.93,0.00,0.000000,0.000000,0.00000007
33,lane_detection,10:19:14.573065,10:19:14.655814,0.082749,797.59,3006.80,0.00,0.630000,0.030000,0.00013758
33,car_overlay_reconstruction,10:19:14.656271,10:19:14.658882,0.002611,766.08,3006.80,0.00,0.020000,0.000000,0.00000419
33,object_detection_yolo,10:19:14.659214,10:19:14.696395,0.037181,806.86,3006.80,0.00,0.290000,0.010000,0.00006243
33,vehicle_analysis_postprocessing,10:19:14.696837,10:19:14.696991,0.000154,0.00,3006.80,0.00,0.000000,0.000000,0.00000004
33,mqtt_communication,10:19:14.697250,10:19:14.697577,0.000326,3063.77,3006.80,0.00,0.010000,0.000000,0.00000186
34,lane_detection,10:19:14.718229,10:19:14.806648,0.088420,802.99,3009.80,0.00,0.670000,0.040000,0.00014788
34,car_overlay_reconstruction,10:19:14.807009,10:19:14.809314,0.002306,867.31,3009.80,0.00,0.020000,0.000000,0.00000412
34,object_detection_yolo,10:19:14.809587,10:19:14.846545,0.036958,757.61,3009.80,0.00,0.260000,0.020000,0.00005883
34,vehicle_analysis_postprocessing,10:19:14.846931,10:19:14.847087,0.000156,0.00,3009.80,0.00,0.000000,0.000000,0.00000004
34,mqtt_communication,10:19:14.847320,10:19:14.847622,0.000302,0.00,3009.80,0.00,0.000000,0.000000,0.00000007
35,lane_detection,10:19:14.872713,10:19:14.942284,0.069571,603.70,3012.80,0.00,0.400000,0.020000,0.00009172
35,car_overlay_reconstruction,10:19:14.942806,10:19:14.945708,0.002902,689.17,3012.80,0.00,0.020000,0.000000,0.00000427
35,object_detection_yolo,10:19:14.948603,10:19:14.989664,0.041061,608.85,3013.68,0.88,0.240000,0.010000,0.00005451
35,vehicle_analysis_postprocessing,10:19:14.990086,10:19:14.990756,0.000671,1491.04,3013.93,0.25,0.010000,0.000000,0.00000194
35,mqtt_communication,10:19:14.990999,10:19:14.991337,0.000337,0.00,3013.93,0.00,0.000000,0.000000,0.00000008
36,lane_detection,10:19:15.027135,10:19:15.101025,0.073890,609.01,3016.93,0.00,0.420000,0.030000,0.00009814
36,car_overlay_reconstruction,10:19:15.101527,10:19:15.104088,0.002560,390.60,3016.93,0.00,0.010000,0.000000,0.00000241
36,object_detection_yolo,10:19:15.104369,10:19:15.144590,0.040221,596.70,3016.93,0.00,0.220000,0.020000,0.00005254
36,vehicle_analysis_postprocessing,10:19:15.145069,10:19:15.145838,0.000769,1300.96,3016.93,0.00,0.010000,0.000000,0.00000197
36,mqtt_communication,10:19:15.146186,10:19:15.146605,0.000419,0.00,3016.93,0.00,0.000000,0.000000,0.00000010
37,lane_detection,10:19:15.182121,10:19:15.250327,0.068206,601.12,3019.80,0.00,0.390000,0.020000,0.00008965
37,car_overlay_reconstruction,10:19:15.250738,10:19:15.253282,0.002544,1179.06,3019.80,0.00,0.020000,0.010000,0.00000596
37,object_detection_yolo,10:19:15.253554,10:19:15.292734,0.039180,587.03,3019.80,0.00,0.220000,0.010000,0.00005052
37,vehicle_analysis_postprocessing,10:19:15.293128,10:19:15.293625,0.000497,2012.62,3019.80,0.00,0.010000,0.000000,0.00000190
37,mqtt_communication,10:19:15.293875,10:19:15.294180,0.000305,0.00,3019.80,0.00,0.000000,0.000000,0.00000007
38,lane_detection,10:19:15.330655,10:19:15.396591,0.065936,621.81,3022.80,0.00,0.380000,0.030000,0.00008911
38,car_overlay_reconstruction,10:19:15.396995,10:19:15.399642,0.002647,377.76,3022.80,0.00,0.010000,0.000000,0.00000243
38,object_detection_yolo,10:19:15.399921,10:19:15.438581,0.038661,594.92,3022.80,0.00,0.220000,0.010000,0.00005040
38,vehicle_analysis_postprocessing,10:19:15.438962,10:19:15.439536,0.000574,0.00,3022.80,0.00,0.000000,0.000000,0.00000014
38,mqtt_communication,10:19:15.439811,10:19:15.440135,0.000324,0.00,3022.80,0.00,0.000000,0.000000,0.00000008
39,lane_detection,10:19:15.476774,10:19:15.563536,0.086762,610.86,3025.80,0.00,0.500000,0.030000,0.00011559
39,car_overlay_reconstruction,10:19:15.563995,10:19:15.567271,0.003276,610.44,3025.80,0.00,0.020000,0.000000,0.00000436
39,object_detection_yolo,10:19:15.567616,10:19:15.606463,0.038846,617.82,3025.80,0.00,0.230000,0.010000,0.00005223
39,vehicle_analysis_postprocessing,10:19:15.606819,10:19:15.607284,0.000464,0.00,3025.80,0.00,0.000000,0.000000,0.00000011
39,mqtt_communication,10:19:15.607509,10:19:15.607779,0.000270,0.00,3025.80,0.00,0.000000,0.000000,0.00000007
40,lane_detection,10:19:15.632818,10:19:15.697632,0.064814,601.73,3028.80,0.00,0.370000,0.020000,0.00008531
40,car_overlay_reconstruction,10:19:15.698082,10:19:15.700767,0.002684,745.06,3028.80,0.00,0.020000,0.000000,0.00000422
40,object_detection_yolo,10:19:15.701055,10:19:15.740169,0.039114,588.02,3028.80,0.00,0.220000,0.010000,0.00005053
40,vehicle_analysis_postprocessing,10:19:15.740605,10:19:15.741177,0.000572,0.00,3028.80,0.00,0.000000,0.000000,0.00000014
40,mqtt_communication,10:19:15.741418,10:19:15.741745,0.000328,0.00,3028.80,0.00,0.000000,0.000000,0.00000008
41,lane_detection,10:19:15.776389,10:19:15.848005,0.071615,586.47,3031.80,0.12,0.400000,0.020000,0.00009234
41,car_overlay_reconstruction,10:19:15.848451,10:19:15.851334,0.002882,346.92,3031.80,0.00,0.010000,0.000000,0.00000249
41,object_detection_yolo,10:19:15.851619,10:19:15.891262,0.039644,630.62,3031.80,0.00,0.230000,0.020000,0.00005423
41,vehicle_analysis_postprocessing,10:19:15.891747,10:19:15.892509,0.000763,0.00,3031.80,0.00,0.000000,0.000000,0.00000019
41,mqtt_communication,10:19:15.892839,10:19:15.893250,0.000411,2431.48,3031.80,0.00,0.010000,0.000000,0.00000188
42,lane_detection,10:19:15.920604,10:19:15.992932,0.072328,608.34,3034.80,0.00,0.420000,0.020000,0.00009609
42,car_overlay_reconstruction,10:19:15.993378,10:19:15.996197,0.002819,709.40,3034.80,0.00,0.020000,0.000000,0.00000425
42,object_detection_yolo,10:19:15.996500,10:19:16.035424,0.038924,616.58,3034.80,0.00,0.220000,0.020000,0.00005228
42,vehicle_analysis_postprocessing,10:19:16.035851,10:19:16.036424,0.000573,0.00,3034.80,0.00,0.000000,0.000000,0.00000014
42,mqtt_communication,10:19:16.036676,10:19:16.037032,0.000355,2813.08,3034.80,0.00,0.010000,0.000000,0.00000187
43,lane_detection,10:19:16.071461,10:19:16.140494,0.069033,608.41,3037.68,0.00,0.400000,0.020000,0.00009173
43,car_overlay_reconstruction,10:19:16.140871,10:19:16.143273,0.002402,832.53,3037.68,0.00,0.020000,0.000000,0.00000415
43,object_detection_yolo,10:19:16.143542,10:19:16.182028,0.038486,597.62,3037.68,0.00,0.220000,0.010000,0.00005040
43,vehicle_analysis_postprocessing,10:19:16.182428,10:19:16.182909,0.000481,0.00,3037.68,0.00,0.000000,0.000000,0.00000012
43,mqtt_communication,10:19:16.183179,10:19:16.183463,0.000284,0.00,3037.68,0.00,0.000000,0.000000,0.00000007
44,lane_detection,10:19:16.214839,10:19:16.285461,0.070622,608.88,3040.68,0.00,0.400000,0.030000,0.00009392
44,car_overlay_reconstruction,10:19:16.285892,10:19:16.288759,0.002867,697.48,3040.68,0.00,0.020000,0.000000,0.00000427
44,object_detection_yolo,10:19:16.289065,10:19:16.327580,0.038515,597.16,3040.68,0.00,0.210000,0.020000,0.00005042
44,vehicle_analysis_postprocessing,10:19:16.327969,10:19:16.328496,0.000528,1895.30,3040.68,0.00,0.010000,0.000000,0.00000191
44,mqtt_communication,10:19:16.328760,10:19:16.329051,0.000291,0.00,3040.68,0.00,0.000000,0.000000,0.00000007
45,lane_detection,10:19:16.359733,10:19:16.437199,0.077466,606.72,3043.93,0.00,0.440000,0.030000,0.00010275
45,car_overlay_reconstruction,10:19:16.437658,10:19:16.440849,0.003191,626.86,3043.93,0.00,0.020000,0.000000,0.00000435
45,object_detection_yolo,10:19:16.441221,10:19:16.481452,0.040231,596.55,3043.93,0.00,0.230000,0.010000,0.00005263
45,vehicle_analysis_postprocessing,10:19:16.481914,10:19:16.482602,0.000688,0.00,3043.93,0.00,0.000000,0.000000,0.00000017
45,mqtt_communication,10:19:16.482932,10:19:16.483326,0.000395,0.00,3043.93,0.00,0.000000,0.000000,0.00000010
46,lane_detection,10:19:16.511410,10:19:16.580427,0.069017,608.54,3046.93,0.00,0.400000,0.020000,0.00009178
46,car_overlay_reconstruction,10:19:16.580836,10:19:16.583566,0.002731,732.44,3046.93,0.00,0.020000,0.000000,0.00000423
46,object_detection_yolo,10:19:16.583868,10:19:16.622798,0.038930,590.80,3046.93,0.00,0.220000,0.010000,0.00005054
46,vehicle_analysis_postprocessing,10:19:16.623208,10:19:16.623745,0.000537,1861.65,3046.93,0.00,0.010000,0.000000,0.00000191
46,mqtt_communication,10:19:16.624020,10:19:16.624333,0.000313,0.00,3046.93,0.00,0.000000,0.000000,0.00000008
47,lane_detection,10:19:16.656236,10:19:16.731745,0.075509,595.95,3049.80,0.00,0.430000,0.020000,0.00009874
47,car_overlay_reconstruction,10:19:16.732150,10:19:16.734792,0.002642,378.48,3049.80,0.00,0.010000,0.000000,0.00000243
47,object_detection_yolo,10:19:16.735088,10:19:16.776195,0.041107,632.50,3049.80,0.00,0.240000,0.020000,0.00005642
47,vehicle_analysis_postprocessing,10:19:16.776752,10:19:16.777524,0.000772,0.00,3049.80,0.00,0.000000,0.000000,0.00000019
47,mqtt_communication,10:19:16.777792,10:19:16.778136,0.000344,2904.64,3049.80,0.00,0.010000,0.000000,0.00000186
48,lane_detection,10:19:16.816720,10:19:16.901135,0.084415,604.16,3052.80,0.00,0.480000,0.030000,0.00011164
48,car_overlay_reconstruction,10:19:16.901617,10:19:16.904625,0.003008,997.30,3052.80,0.00,0.020000,0.010000,0.00000608
48,object_detection_yolo,10:19:16.904981,10:19:16.945128,0.040147,572.89,3052.80,0.00,0.230000,0.000000,0.00005086
48,vehicle_analysis_postprocessing,10:19:16.945621,10:19:16.946365,0.000744,0.00,3052.80,0.00,0.000000,0.000000,0.00000018
48,mqtt_communication,10:19:16.946674,10:19:16.947086,0.000412,0.00,3052.80,0.00,0.000000,0.000000,0.00000010
49,lane_detection,10:19:16.976538,10:19:17.057498,0.080960,605.24,3055.80,0.00,0.470000,0.020000,0.00010724
49,car_overlay_reconstruction,10:19:17.057994,10:19:17.061092,0.003098,322.84,3055.80,0.00,0.010000,0.000000,0.00000255
49,object_detection_yolo,10:19:17.061433,10:19:17.100668,0.039236,586.20,3055.80,0.00,0.220000,0.010000,0.00005065
49,vehicle_analysis_postprocessing,10:19:17.101026,10:19:17.101485,0.000459,2179.99,3055.80,0.00,0.010000,0.000000,0.00000189
49,mqtt_communication,10:19:17.101706,10:19:17.101988,0.000283,0.00,3055.80,0.00,0.000000,0.000000,0.00000007
50,lane_detection,10:19:17.132593,10:19:17.194254,0.061662,600.05,3058.80,0.00,0.360000,0.010000,0.00008113
50,car_overlay_reconstruction,10:19:17.194657,10:19:17.197223,0.002567,389.59,3058.80,0.00,0.010000,0.000000,0.00000242
50,object_detection_yolo,10:19:17.197498,10:19:17.236645,0.039147,613.08,3058.80,0.00,0.230000,0.010000,0.00005241
50,vehicle_analysis_postprocessing,10:19:17.237031,10:19:17.237587,0.000555,0.00,3058.80,0.00,0.000000,0.000000,0.00000014
50,mqtt_communication,10:19:17.237838,10:19:17.238176,0.000338,0.00,3058.80,0.00,0.000000,0.000000,0.00000008
51,lane_detection,10:19:17.271328,10:19:17.363718,0.092390,606.12,3061.68,0.00,0.530000,0.030000,0.00012258
51,car_overlay_reconstruction,10:19:17.364265,10:19:17.367552,0.003286,608.62,3061.68,0.00,0.020000,0.000000,0.00000437
51,object_detection_yolo,10:19:17.367935,10:19:17.407854,0.039919,601.22,3061.68,0.00,0.220000,0.020000,0.00005261
51,vehicle_analysis_postprocessing,10:19:17.408254,10:19:17.408784,0.000530,1885.08,3061.68,0.00,0.010000,0.000000,0.00000191
51,mqtt_communication,10:19:17.409049,10:19:17.409350,0.000301,0.00,3061.68,0.00,0.000000,0.000000,0.00000008
52,lane_detection,10:19:17.433943,10:19:17.510093,0.076151,590.93,3061.68,0.00,0.440000,0.010000,0.00009897
52,car_overlay_reconstruction,10:19:17.510579,10:19:17.513573,0.002994,668.04,3061.68,0.00,0.020000,0.000000,0.00000430
52,object_detection_yolo,10:19:17.513919,10:19:17.553269,0.039350,584.50,3061.68,0.00,0.230000,0.000000,0.00005069
52,vehicle_analysis_postprocessing,10:19:17.553609,10:19:17.554126,0.000517,1934.64,3061.68,0.00,0.010000,0.000000,0.00000191
52,mqtt_communication,10:19:17.554362,10:19:17.554643,0.000282,0.00,3061.68,0.00,0.000000,0.000000,0.00000007
53,lane_detection,10:19:17.592720,10:19:17.673244,0.080525,608.51,3064.30,0.00,0.460000,0.030000,0.00010719
53,car_overlay_reconstruction,10:19:17.673756,10:19:17.676746,0.002990,668.84,3064.30,0.00,0.020000,0.000000,0.00000430
53,object_detection_yolo,10:19:17.677101,10:19:17.716317,0.039216,586.50,3064.30,0.00,0.220000,0.010000,0.00005067
53,vehicle_analysis_postprocessing,10:19:17.716685,10:19:17.717210,0.000526,3804.36,3064.30,0.00,0.010000,0.010000,0.00000369
53,mqtt_communication,10:19:17.717472,10:19:17.717781,0.000309,0.00,3064.30,0.00,0.000000,0.000000,0.00000008
54,lane_detection,10:19:17.744344,10:19:17.829890,0.085547,607.85,3064.30,0.00,0.490000,0.030000,0.00011378
54,car_overlay_reconstruction,10:19:17.830333,10:19:17.832970,0.002638,379.13,3064.30,0.00,0.010000,0.000000,0.00000244
54,object_detection_yolo,10:19:17.833273,10:19:17.871930,0.038657,620.84,3064.30,0.00,0.220000,0.020000,0.00005231
54,vehicle_analysis_postprocessing,10:19:17.872447,10:19:17.873180,0.000732,1365.33,3064.30,0.00,0.010000,0.000000,0.00000196
54,mqtt_communication,10:19:17.873519,10:19:17.873812,0.000293,0.00,3064.30,0.00,0.000000,0.000000,0.00000007
55,lane_detection,10:19:17.900476,10:19:17.972238,0.071762,599.20,3064.30,0.00,0.410000,0.020000,0.00009434
55,car_overlay_reconstruction,10:19:17.972669,10:19:17.975168,0.002498,800.59,3064.30,0.00,0.010000,0.010000,0.00000418
55,object_detection_yolo,10:19:17.975443,10:19:18.014100,0.038657,594.98,3064.30,0.00,0.220000,0.010000,0.00005053
55,vehicle_analysis_postprocessing,10:19:18.014513,10:19:18.015129,0.000615,0.00,3064.30,0.00,0.000000,0.000000,0.00000015
55,mqtt_communication,10:19:18.015408,10:19:18.015709,0.000301,0.00,3064.30,0.00,0.000000,0.000000,0.00000008
56,lane_detection,10:19:18.042369,10:19:18.117141,0.074773,601.82,3064.30,0.00,0.440000,0.010000,0.00009865
56,car_overlay_reconstruction,10:19:18.117527,10:19:18.119732,0.002206,906.68,3064.30,0.00,0.020000,0.000000,0.00000411
56,object_detection_yolo,10:19:18.119975,10:19:18.158172,0.038197,575.96,3064.30,0.00,0.210000,0.010000,0.00004864
56,vehicle_analysis_postprocessing,10:19:18.158536,10:19:18.159094,0.000557,1793.97,3064.30,0.00,0.000000,0.010000,0.00000192
56,mqtt_communication,10:19:18.159335,10:19:18.159668,0.000333,0.00,3064.30,0.00,0.000000,0.000000,0.00000008
57,lane_detection,10:19:18.186166,10:19:18.247767,0.061601,600.64,3064.30,0.00,0.350000,0.020000,0.00008114
57,car_overlay_reconstruction,10:19:18.248148,10:19:18.250682,0.002534,394.61,3064.30,0.00,0.010000,0.000000,0.00000241
57,object_detection_yolo,10:19:18.250974,10:19:18.288340,0.037366,588.77,3064.30,0.00,0.220000,0.000000,0.00004843
57,vehicle_analysis_postprocessing,10:19:18.288721,10:19:18.288886,0.000165,0.00,3064.30,0.00,0.000000,0.000000,0.00000004
57,mqtt_communication,10:19:18.289145,10:19:18.289459,0.000314,0.00,3064.30,0.00,0.000000,0.000000,0.00000008
58,lane_detection,10:19:18.315877,10:19:18.387246,0.071370,616.51,3064.30,0.00,0.420000,0.020000,0.00009602
58,car_overlay_reconstruction,10:19:18.387681,10:19:18.390465,0.002785,718.20,3064.30,0.00,0.020000,0.000000,0.00000425
58,object_detection_yolo,10:19:18.390769,10:19:18.429712,0.038942,616.30,3064.30,0.00,0.220000,0.020000,0.00005238
58,vehicle_analysis_postprocessing,10:19:18.430075,10:19:18.430664,0.000589,0.00,3064.30,0.00,0.000000,0.000000,0.00000015
58,mqtt_communication,10:19:18.430894,10:19:18.431248,0.000354,0.00,3064.30,0.00,0.000000,0.000000,0.00000009
59,lane_detection,10:19:18.457574,10:19:18.541495,0.083921,607.71,3064.30,0.00,0.490000,0.020000,0.00011159
59,car_overlay_reconstruction,10:19:18.541944,10:19:18.544831,0.002887,692.87,3064.30,0.00,0.020000,0.000000,0.00000428
59,object_detection_yolo,10:19:18.545165,10:19:18.584289,0.039123,587.89,3064.30,0.00,0.220000,0.010000,0.00005065
59,vehicle_analysis_postprocessing,10:19:18.584666,10:19:18.585207,0.000542,1846.08,3064.30,0.00,0.010000,0.000000,0.00000191
59,mqtt_communication,10:19:18.585447,10:19:18.585755,0.000308,0.00,3064.30,0.00,0.000000,0.000000,0.00000008
60,lane_detection,10:19:18.612400,10:19:18.683558,0.071158,590.23,3064.30,0.00,0.410000,0.010000,0.00009241
60,car_overlay_reconstruction,10:19:18.684119,10:19:18.687438,0.003319,602.59,3064.30,0.00,0.020000,0.000000,0.00000438
60,object_detection_yolo,10:19:18.687780,10:19:18.726401,0.038621,595.53,3064.30,0.00,0.220000,0.010000,0.00005052
60,vehicle_analysis_postprocessing,10:19:18.726782,10:19:18.727315,0.000533,0.00,3064.30,0.00,0.000000,0.000000,0.00000013
60,mqtt_communication,10:19:18.727571,10:19:18.727869,0.000299,0.00,3064.30,0.00,0.000000,0.000000,0.00000007
61,lane_detection,10:19:18.754277,10:19:18.827834,0.073556,652.56,3064.30,0.00,0.450000,0.030000,0.00010368
61,car_overlay_reconstruction,10:19:18.828357,10:19:18.831503,0.003146,635.74,3064.30,0.00,0.020000,0.000000,0.00000434
61,object_detection_yolo,10:19:18.831859,10:19:18.871649,0.039790,804.22,3064.30,0.00,0.310000,0.010000,0.00006681
61,vehicle_analysis_postprocessing,10:19:18.872018,10:19:18.872567,0.000548,1823.61,3064.30,0.00,0.010000,0.000000,0.00000191
61,mqtt_communication,10:19:18.872827,10:19:18.873167,0.000340,0.00,3064.30,0.00,0.000000,0.000000,0.00000008
62,lane_detection,10:19:18.899738,10:19:18.988605,0.088867,798.94,3064.30,0.00,0.660000,0.050000,0.00014838
62,car_overlay_reconstruction,10:19:18.989103,10:19:18.991945,0.002842,703.74,3064.30,0.00,0.020000,0.000000,0.00000426
62,object_detection_yolo,10:19:18.992282,10:19:19.032683,0.040401,767.31,3064.30,0.00,0.300000,0.010000,0.00006519
62,vehicle_analysis_postprocessing,10:19:19.033290,10:19:19.034046,0.000756,0.00,3064.30,0.00,0.000000,0.000000,0.00000019
62,mqtt_communication,10:19:19.034423,10:19:19.035028,0.000605,0.00,3064.30,0.00,0.000000,0.000000,0.00000015
63,lane_detection,10:19:19.069586,10:19:19.147547,0.077961,795.27,3064.30,0.00,0.580000,0.040000,0.00012966
63,car_overlay_reconstruction,10:19:19.147962,10:19:19.150440,0.002477,1210.94,3064.30,0.00,0.020000,0.010000,0.00000595
63,object_detection_yolo,10:19:19.150705,10:19:19.187934,0.037229,778.96,3064.30,0.00,0.280000,0.010000,0.00006084
63,vehicle_analysis_postprocessing,10:19:19.188382,10:19:19.188564,0.000182,5489.93,3064.30,0.00,0.010000,0.000000,0.00000182
63,mqtt_communication,10:19:19.188799,10:19:19.189131,0.000332,0.00,3064.30,0.00,0.000000,0.000000,0.00000008
64,lane_detection,10:19:19.215985,10:19:19.280638,0.064653,804.29,3064.30,0.00,0.490000,0.030000,0.00010857
64,car_overlay_reconstruction,10:19:19.281080,10:19:19.283549,0.002469,810.10,3064.30,0.00,0.020000,0.000000,0.00000417
64,object_detection_yolo,10:19:19.283833,10:19:19.321088,0.037255,778.41,3064.30,0.00,0.270000,0.020000,0.00006085
64,vehicle_analysis_postprocessing,10:19:19.321513,10:19:19.321680,0.000167,0.00,3064.30,0.00,0.000000,0.000000,0.00000004
64,mqtt_communication,10:19:19.321977,10:19:19.322313,0.000335,2981.03,3064.30,0.00,0.000000,0.010000,0.00000186
65,lane_detection,10:19:19.341353,10:19:19.409771,0.068418,818.49,3064.30,0.00,0.520000,0.040000,0.00011662
65,car_overlay_reconstruction,10:19:19.410194,10:19:19.412711,0.002517,794.75,3064.30,0.00,0.020000,0.000000,0.00000418
65,object_detection_yolo,10:19:19.412991,10:19:19.450383,0.037392,802.30,3064.30,0.00,0.280000,0.020000,0.00006266
65,vehicle_analysis_postprocessing,10:19:19.450780,10:19:19.450907,0.000127,7898.88,3064.30,0.00,0.010000,0.000000,0.00000181
65,mqtt_communication,10:19:19.451132,10:19:19.451407,0.000275,0.00,3064.30,0.00,0.000000,0.000000,0.00000007
66,lane_detection,10:19:19.481861,10:19:19.551495,0.069634,804.21,3064.30,0.00,0.530000,0.030000,0.00011692
66,car_overlay_reconstruction,10:19:19.551892,10:19:19.554627,0.002736,731.10,3064.30,0.00,0.020000,0.000000,0.00000424
66,object_detection_yolo,10:19:19.554945,10:19:19.592510,0.037565,798.61,3064.30,0.00,0.280000,0.020000,0.00006270
66,vehicle_analysis_postprocessing,10:19:19.592873,10:19:19.593057,0.000184,0.00,3064.30,0.00,0.000000,0.000000,0.00000005
66,mqtt_communication,10:19:19.593313,10:19:19.593635,0.000323,0.00,3064.30,0.00,0.000000,0.000000,0.00000008
67,lane_detection,10:19:19.612023,10:19:19.691275,0.079252,794.93,3064.30,0.00,0.600000,0.030000,0.00013176
67,car_overlay_reconstruction,10:19:19.691692,10:19:19.694442,0.002750,1090.75,3064.30,0.00,0.020000,0.010000,0.00000602
67,object_detection_yolo,10:19:19.694756,10:19:19.732073,0.037318,803.91,3064.30,0.00,0.280000,0.020000,0.00006264
67,vehicle_analysis_postprocessing,10:19:19.732416,10:19:19.732550,0.000134,0.00,3064.30,0.00,0.000000,0.000000,0.00000003
67,mqtt_communication,10:19:19.732797,10:19:19.733085,0.000287,0.00,3064.30,0.00,0.000000,0.000000,0.00000007
68,lane_detection,10:19:19.752942,10:19:19.817745,0.064803,817.87,3064.30,0.00,0.500000,0.030000,0.00011038
68,car_overlay_reconstruction,10:19:19.818183,10:19:19.821553,0.003370,890.20,3064.30,0.00,0.030000,0.000000,0.00000617
68,object_detection_yolo,10:19:19.821968,10:19:19.860667,0.038700,801.04,3064.30,0.00,0.290000,0.020000,0.00006476
68,vehicle_analysis_postprocessing,10:19:19.861091,10:19:19.861270,0.000179,5599.87,3064.30,0.00,0.010000,0.000000,0.00000182
68,mqtt_communication,10:19:19.861515,10:19:19.861827,0.000312,0.00,3064.30,0.00,0.000000,0.000000,0.00000008
69,lane_detection,10:19:19.884430,10:19:19.965708,0.081278,799.72,3064.30,0.00,0.620000,0.030000,0.00013582
69,car_overlay_reconstruction,10:19:19.966197,10:19:19.969045,0.002848,702.15,3064.30,0.00,0.020000,0.000000,0.00000427
69,object_detection_yolo,10:19:19.969373,10:19:20.007436,0.038063,814.44,3064.30,0.00,0.290000,0.020000,0.00006460
69,vehicle_analysis_postprocessing,10:19:20.007888,10:19:20.008050,0.000163,0.00,3064.30,0.00,0.000000,0.000000,0.00000004
69,mqtt_communication,10:19:20.008332,10:19:20.008683,0.000350,2855.21,3064.30,0.00,0.010000,0.000000,0.00000187
70,lane_detection,10:19:20.036188,10:19:20.111327,0.075139,811.83,3064.30,0.00,0.580000,0.030000,0.00012718
70,car_overlay_reconstruction,10:19:20.111731,10:19:20.114061,0.002330,858.52,3064.30,0.00,0.020000,0.000000,0.00000414
70,object_detection_yolo,10:19:20.114315,10:19:20.151258,0.036944,839.12,3064.30,0.00,0.290000,0.020000,0.00006432
70,vehicle_analysis_postprocessing,10:19:20.151616,10:19:20.151757,0.000140,0.00,3064.30,0.00,0.000000,0.000000,0.00000003
70,mqtt_communication,10:19:20.151982,10:19:20.152276,0.000294,0.00,3064.30,0.00,0.000000,0.000000,0.00000007
71,lane_detection,10:19:20.178648,10:19:20.258632,0.079984,812.66,3064.30,0.00,0.610000,0.040000,0.00013550
71,car_overlay_reconstruction,10:19:20.259058,10:19:20.261839,0.002781,1078.78,3064.30,0.00,0.020000,0.010000,0.00000603
71,object_detection_yolo,10:19:20.262137,10:19:20.299435,0.037298,804.34,3064.30,0.00,0.290000,0.010000,0.00006263
71,vehicle_analysis_postprocessing,10:19:20.299798,10:19:20.299922,0.000123,0.00,3064.30,0.00,0.000000,0.000000,0.00000003
71,mqtt_communication,10:19:20.300140,10:19:20.300405,0.000265,0.00,3064.30,0.00,0.000000,0.000000,0.00000007
72,lane_detection,10:19:20.326784,10:19:20.409441,0.082657,798.48,3064.30,0.00,0.630000,0.030000,0.00013795
72,car_overlay_reconstruction,10:19:20.409800,10:19:20.411861,0.002061,485.17,3064.30,0.00,0.010000,0.000000,0.00000229
72,object_detection_yolo,10:19:20.412121,10:19:20.450642,0.038521,804.75,3064.30,0.00,0.290000,0.020000,0.00006472
72,vehicle_analysis_postprocessing,10:19:20.451005,10:19:20.451506,0.000501,1997.29,3064.30,0.00,0.010000,0.000000,0.00000190
72,mqtt_communication,10:19:20.451748,10:19:20.452043,0.000295,0.00,3064.30,0.00,0.000000,0.000000,0.00000007
73,lane_detection,10:19:20.478698,10:19:20.558483,0.079785,802.15,3064.30,0.00,0.610000,0.030000,0.00013367
73,car_overlay_reconstruction,10:19:20.558900,10:19:20.561430,0.002530,790.41,3064.30,0.00,0.020000,0.000000,0.00000419
73,object_detection_yolo,10:19:20.561717,10:19:20.599248,0.037531,799.34,3064.30,0.00,0.290000,0.010000,0.00006269
73,vehicle_analysis_postprocessing,10:19:20.599577,10:19:20.599699,0.000122,0.00,3064.30,0.00,0.000000,0.000000,0.00000003
73,mqtt_communication,10:19:20.599901,10:19:20.600191,0.000290,3443.60,3064.30,0.00,0.010000,0.000000,0.00000185
74,lane_detection,10:19:20.626498,10:19:20.709507,0.083009,807.14,3064.30,0.00,0.630000,0.040000,0.00013981
74,car_overlay_reconstruction,10:19:20.709935,10:19:20.712548,0.002613,765.52,3064.30,0.00,0.020000,0.000000,0.00000421
74,object_detection_yolo,10:19:20.712846,10:19:20.750186,0.037340,803.43,3064.30,0.00,0.280000,0.020000,0.00006264
74,vehicle_analysis_postprocessing,10:19:20.750507,10:19:20.750623,0.000116,0.00,3064.30,0.00,0.000000,0.000000,0.00000003
74,mqtt_communication,10:19:20.750821,10:19:20.751085,0.000264,0.00,3064.30,0.00,0.000000,0.000000,0.00000007
75,lane_detection,10:19:20.777611,10:19:20.864706,0.087095,815.20,3064.55,0.00,0.680000,0.030000,0.00014794
75,car_overlay_reconstruction,10:19:20.865192,10:19:20.867934,0.002742,729.32,3064.55,0.00,0.020000,0.000000,0.00000424
75,object_detection_yolo,10:19:20.868289,10:19:20.905382,0.037093,808.77,3064.55,0.00,0.280000,0.020000,0.00006258
75,vehicle_analysis_postprocessing,10:19:20.905699,10:19:20.905815,0.000117,0.00,3064.55,0.00,0.000000,0.000000,0.00000003
75,mqtt_communication,10:19:20.906015,10:19:20.906291,0.000276,3622.02,3064.55,0.00,0.010000,0.000000,0.00000185
76,lane_detection,10:19:20.932521,10:19:21.020210,0.087689,798.27,3064.55,0.00,0.670000,0.030000,0.00014631
76,car_overlay_reconstruction,10:19:21.020666,10:19:21.023335,0.002669,1124.18,3064.55,0.00,0.030000,0.000000,0.00000600
76,object_detection_yolo,10:19:21.023662,10:19:21.063433,0.039771,804.60,3064.55,0.00,0.300000,0.020000,0.00006681
76,vehicle_analysis_postprocessing,10:19:21.063838,10:19:21.064541,0.000703,0.00,3064.55,0.00,0.000000,0.000000,0.00000018
76,mqtt_communication,10:19:21.064849,10:19:21.065244,0.000395,0.00,3064.55,0.00,0.000000,0.000000,0.00000010
77,lane_detection,10:19:21.094654,10:19:21.173835,0.079181,808.28,3064.55,0.00,0.620000,0.020000,0.00013352
77,car_overlay_reconstruction,10:19:21.174332,10:19:21.177044,0.002712,737.40,3064.55,0.00,0.020000,0.000000,0.00000423
77,object_detection_yolo,10:19:21.177380,10:19:21.216603,0.039222,790.36,3064.55,0.00,0.290000,0.020000,0.00006489
77,vehicle_analysis_postprocessing,10:19:21.216949,10:19:21.217438,0.000489,2043.01,3064.55,0.00,0.010000,0.000000,0.00000190
77,mqtt_communication,10:19:21.217678,10:19:21.217957,0.000279,0.00,3064.55,0.00,0.000000,0.000000,0.00000007
78,lane_detection,10:19:21.235994,10:19:21.316294,0.080300,797.01,3064.55,0.00,0.610000,0.030000,0.00013380
78,car_overlay_reconstruction,10:19:21.316809,10:19:21.319271,0.002462,406.23,3064.55,0.00,0.010000,0.000000,0.00000239
78,object_detection_yolo,10:19:21.319609,10:19:21.359277,0.039669,831.89,3064.55,0.00,0.310000,0.020000,0.00006856
78,vehicle_analysis_postprocessing,10:19:21.359653,10:19:21.360204,0.000550,0.00,3064.55,0.00,0.000000,0.000000,0.00000014
78,mqtt_communication,10:19:21.360468,10:19:21.360745,0.000277,3615.78,3064.55,0.00,0.010000,0.000000,0.00000185
79,lane_detection,10:19:21.381822,10:19:21.460849,0.079026,797.20,3064.55,0.00,0.590000,0.040000,0.00013171
79,car_overlay_reconstruction,10:19:21.461277,10:19:21.463640,0.002363,423.11,3064.55,0.00,0.010000,0.000000,0.00000237
79,object_detection_yolo,10:19:21.463909,10:19:21.501438,0.037529,826.03,3064.55,0.00,0.280000,0.030000,0.00006447
79,vehicle_analysis_postprocessing,10:19:21.501795,10:19:21.501911,0.000117,0.00,3064.55,0.00,0.000000,0.000000,0.00000003
79,mqtt_communication,10:19:21.502127,10:19:21.502388,0.000260,0.00,3064.55,0.00,0.000000,0.000000,0.00000006
80,lane_detection,10:19:21.528522,10:19:21.619282,0.090760,804.32,3064.55,0.00,0.700000,0.030000,0.00015241
80,car_overlay_reconstruction,10:19:21.619628,10:19:21.621772,0.002143,466.55,3064.55,0.00,0.010000,0.000000,0.00000231
80,object_detection_yolo,10:19:21.622015,10:19:21.659270,0.037255,778.42,3064.55,0.00,0.270000,0.020000,0.00006085
80,vehicle_analysis_postprocessing,10:19:21.659797,10:19:21.659969,0.000172,0.00,3064.55,0.00,0.000000,0.000000,0.00000004
80,mqtt_communication,10:19:21.660278,10:19:21.660661,0.000384,0.00,3064.55,0.00,0.000000,0.000000,0.00000010
81,lane_detection,10:19:21.689059,10:19:21.758495,0.069436,806.50,3064.55,0.00,0.530000,0.030000,0.00011687
81,car_overlay_reconstruction,10:19:21.758875,10:19:21.761381,0.002506,798.08,3064.55,0.00,0.020000,0.000000,0.00000418
