frame,emissions_kg,timestamp
0,5.552417050949684e-08,1756735280.7860289
1,5.687970425228025e-08,1756735303.6075726
2,4.1260368207792606e-08,1756735326.3426268
3,4.032120427566101e-08,1756735349.1602428
4,8.372704617901013e-08,1756735371.9212613
5,4.2575115698391194e-08,1756735394.6744194
6,6.008980352139513e-08,1756735417.3846014
7,7.573190307685919e-08,1756735440.1922636
8,4.216967654574631e-08,1756735463.0280814
9,4.0954104024412566e-08,1756735485.7976768
10,4.125836801924098e-08,1756735508.616967
11,6.93306179819764e-08,1756735531.402183
12,5.219700160001413e-08,1756735554.188988
13,4.396537593717674e-08,1756735576.911023
14,6.891284660892931e-08,1756735599.6883004
15,4.10596555518602e-08,1756735622.4798598
16,4.233993630431899e-08,1756735645.3331735
17,4.137444959895265e-08,1756735668.1644297
18,4.7524347677364536e-08,1756735690.8941672
19,6.401640483284048e-08,1756735713.7660468
20,5.914976098955158e-08,1756735736.5548184
21,9.149708709138621e-08,1756735759.4056144
22,5.64884741964612e-08,1756735782.2110484
23,5.307558414234727e-08,1756735805.0863824
24,6.619225098136191e-08,1756735827.9471538
25,4.2501043120904955e-08,1756735850.6915345
26,5.1486108349465144e-08,1756735873.6745112
27,4.297123979261771e-08,1756735896.496536
28,4.4090175741300246e-08,1756735919.3062718
29,5.269033715087188e-08,1756735942.0917668
30,4.107315741290501e-08,1756735964.8303022
31,4.7393619307058154e-08,1756735987.6966138
32,5.742062861742888e-08,1756736010.4928381
33,4.1945530092467456e-08,1756736033.2671103
34,5.775293972970866e-08,1756736056.095714
35,5.846279704996507e-08,1756736078.9878128
36,6.177688725751926e-08,1756736101.7199414
37,7.790520935958232e-08,1756736124.4903393
38,8.578618316829056e-08,1756736147.3765814
39,4.711210122462087e-08,1756736170.2698107
40,4.070174271567075e-08,1756736193.0689995
41,6.031600087797073e-08,1756736215.9069812
42,6.720285181382262e-08,1756736238.7118993
43,7.872092117010789e-08,1756736261.6088445
44,4.1444874409244906e-08,1756736284.790955
45,6.006009546082672e-08,1756736307.6413898
46,6.98415511109411e-08,1756736330.4342644
47,5.339816758122335e-08,1756736353.191419
48,4.069520987615383e-08,1756736376.0259619
49,4.357565204933372e-08,1756736398.84071
50,5.402367011383265e-08,1756736421.708266
51,3.762326094451448e-08,1756736444.7162335
52,5.4311527061543735e-08,1756736467.4964812
53,4.152585621448807e-08,1756736490.2573302
54,5.830394839098239e-08,1756736513.0745585
55,4.894662904125789e-08,1756736535.8546834
56,4.6575365174760995e-08,1756736558.6841114
57,3.996808427000882e-08,1756736581.5599144
58,6.111241426191895e-08,1756736604.3822992
59,6.277745813723686e-08,1756736627.2716913
60,6.0270910125323e-08,1756736650.0104
61,4.068116480291443e-08,1756736672.8232493
62,4.135478918920523e-08,1756736695.573612
63,4.2641626297209315e-08,1756736718.3392766
64,6.358736833296624e-08,1756736741.0950184
65,4.108707359344568e-08,1756736763.9397888
66,4.256247240638055e-08,1756736786.6902168
67,6.182007068193345e-08,1756736809.463646
68,1.2138404260100457e-07,1756736832.238895
69,6.072535481068278e-08,1756736855.0290763
70,4.158553546884833e-08,1756736877.7855806
71,5.975167331904442e-08,1756736900.607671
72,4.399389505866212e-08,1756736923.3637638
73,4.241179101631708e-08,1756736946.1140957
74,5.204654932172449e-08,1756736968.978315
75,7.114723902192155e-08,1756736991.76481
76,7.950991084043422e-08,1756737014.5827143
77,7.315714937221965e-08,1756737037.2885888
78,4.377359981259598e-08,1756737060.0756447
79,8.679780591289606e-08,1756737082.9556637
80,8.236957093292401e-08,1756737105.9289508
81,5.423570932368222e-08,1756737128.792191
82,4.234373372246337e-08,1756737151.6836205
83,3.645167816959392e-08,1756737174.5595326
84,7.528570384797757e-08,1756737197.3941288
85,7.626263066894778e-08,1756737220.1854522
86,4.065828824340722e-08,1756737242.9651167
87,4.846180895928212e-08,1756737265.804154
88,7.431219498716507e-08,1756737288.593194
89,8.662459037519834e-08,1756737311.4082127
90,4.1087474884345094e-08,1756737334.2521849
91,4.064171345595584e-08,1756737357.019318
92,4.447622083597558e-08,1756737379.7900624
93,6.467769667713971e-08,1756737402.6551762
94,7.081836250554628e-08,1756737425.5357459
95,4.218968408535796e-08,1756737448.366048
96,6.159555018230447e-08,1756737471.0726998
97,6.890519663424238e-08,1756737493.8269567
98,6.336665704794232e-08,1756737516.6119096
99,6.101892260633389e-08,1756737539.4219913
100,4.448999875217202e-08,1756737562.367944
101,4.3640760133021465e-08,1756737585.1626918
102,4.332368757515801e-08,1756737607.9059618
103,4.3549698128723384e-08,1756737630.6601532
104,4.265887090444208e-08,1756737653.392826
105,5.1836402188513175e-08,1756737676.1119757
106,7.086890485545278e-08,1756737698.8815677
107,4.2847283855033995e-08,1756737721.5997198
108,6.5163882240825e-08,1756737744.3025231
109,4.2352546519319046e-08,1756737766.9758945
110,4.317062132604188e-08,1756737789.7887473
111,4.3229649593407375e-08,1756737812.5249798
112,6.880992704624157e-08,1756737835.3037913
113,4.548201729710666e-08,1756737858.0838258
114,4.4994797016611856e-08,1756737880.9147453
115,6.034868812160831e-08,1756737903.7337852
116,4.37318978292093e-08,1756737926.5773487
117,8.450253944705251e-08,1756737949.4037764
118,6.047212292527692e-08,1756737972.2505858
119,4.3406714853856394e-08,1756737995.0944595
120,4.3286516866451105e-08,1756738017.9394562
121,4.204706644548803e-08,1756738040.6837223
122,4.577858146193447e-08,1756738063.4739752
123,4.4739492602435494e-08,1756738086.2882688
124,7.902195921882174e-08,1756738109.1020048
125,3.9099639866832223e-08,1756738131.995248
126,4.557261134230162e-08,1756738154.9737964
127,7.307977123238085e-08,1756738177.9573262
128,4.2765412278936346e-08,1756738200.919202
129,3.8813456452784e-08,1756738223.998164
130,3.8744772644859246e-08,1756738247.103807
131,8.66429868339014e-08,1756738270.0416186
132,1.8475297407870016e-07,1756738292.9598892
133,9.110742041103261e-08,1756738315.8643308
134,5.923652004559592e-08,1756738338.6847107
135,4.7688965669758556e-08,1756738361.460623
136,6.302639241290355e-08,1756738384.2752347
137,5.646902330571899e-08,1756738407.0905585
138,4.118560873749155e-08,1756738429.848705
139,8.801712140294435e-08,1756738452.8574843
140,3.828246637564219e-08,1756738475.6166918
141,4.100143882033087e-08,1756738498.7390347
142,3.914403221749599e-08,1756738521.6112547
143,4.512974387229138e-08,1756738544.37211
144,5.637302848183667e-08,1756738567.2158687
145,4.1280913680887745e-08,1756738589.9872444
146,8.097744227345258e-08,1756738612.8312871
147,8.016753911239192e-08,1756738635.615706
148,5.7814156301214214e-08,1756738658.3901522
149,6.158000632755919e-08,1756738681.3569458
150,4.281914534700427e-08,1756738704.2207549
151,4.079657827113717e-08,1756738727.0332744
152,4.633700459743307e-08,1756738749.9349205
153,4.7805407893166455e-08,1756738772.7662666
154,6.354066788051593e-08,1756738795.6719456
155,5.0289568578884826e-08,1756738818.4705398
156,4.5093448396251995e-08,1756738841.2866895
157,7.414254140060372e-08,1756738864.0571034
158,6.072814636378562e-08,1756738886.8760548
159,5.824715612234722e-08,1756738909.665971
160,5.065010433028829e-08,1756738932.4956467
161,6.865986258652456e-08,1756738955.275052
162,5.939583357730536e-08,1756738978.0481188
163,4.308655371774973e-08,1756739000.7644749
164,4.336057737948176e-08,1756739023.610387
165,4.3981924923105306e-08,1756739046.405282
166,4.464433127828841e-08,1756739069.4927685
167,4.309727169563931e-08,1756739092.3923447
168,4.106267045288005e-08,1756739115.4372442
169,4.1620767105495883e-08,1756739138.2814186
170,7.341668848397887e-08,1756739161.1821792
171,3.830245914735103e-08,1756739183.9914076
172,7.133417069070368e-08,1756739206.847109
173,6.004903072872976e-08,1756739229.6909466
174,5.041645876076137e-08,1756739252.595033
175,4.8289874198968156e-08,1756739275.4120696
176,4.317431613327539e-08,1756739298.1846273
177,4.1197786383004305e-08,1756739320.9933715
178,6.410476232721603e-08,1756739343.8325112
179,4.201539363933835e-08,1756739366.6514866
180,4.0537467749739223e-08,1756739389.47918
181,5.847828395499228e-08,1756739412.2390237
182,4.285420838519686e-08,1756739435.0502143
183,4.204362943513709e-08,1756739457.8354566
184,4.324640005802071e-08,1756739480.5913975
185,4.234970891262976e-08,1756739503.41144
186,5.092640819349217e-08,1756739526.1816847
187,4.400380507450261e-08,1756739549.0892544
188,4.334138253294237e-08,1756739571.8518178
189,4.272915995382823e-08,1756739594.6509836
190,4.370587857183382e-08,1756739617.4399142
191,4.3699055009086686e-08,1756739640.1991615
192,6.54990853513432e-08,1756739662.9195774
193,4.273616166924836e-08,1756739685.730228
194,4.470205898007288e-08,1756739708.5703523
195,6.652616190103078e-08,1756739731.3761506
196,4.3451728902163996e-08,1756739754.2150073
197,6.519046510825614e-08,1756739776.9883435
198,5.913129879265898e-08,1756739799.6839201
199,5.222012032547039e-08,1756739822.4400842
200,4.281803741915905e-08,1756739845.2121582
201,4.2877457568391014e-08,1756739868.0172434
202,4.378907959385527e-08,1756739890.7956352
203,6.074418199567671e-08,1756739913.637374
204,4.7425673123470764e-08,1756739936.3890173
205,6.123045124064203e-08,1756739959.2414284
206,7.193996100618311e-08,1756739982.133092
207,6.840626732527156e-08,1756740004.928056
208,6.729898011484942e-08,1756740027.732186
209,4.3422425586996734e-08,1756740050.5873
210,6.03365806931414e-08,1756740073.36854
211,4.374099693876223e-08,1756740096.1945217
212,6.189150015833041e-08,1756740118.993742
213,4.513950199147946e-08,1756740141.8263812
214,4.163487667535859e-08,1756740164.6343231
215,6.892785295012927e-08,1756740187.478549
216,5.1919809439770936e-08,1756740210.500653
217,5.516595749954466e-08,1756740233.3450701
218,4.2417789534187335e-08,1756740256.242988
219,6.42275810041947e-08,1756740279.0744903
220,4.7624234813717744e-08,1756740301.9155855
221,4.344569016762763e-08,1756740324.8157475
222,5.270972924968126e-08,1756740347.6793203
223,4.360108678768398e-08,1756740370.4812272
224,7.015499954278032e-08,1756740393.407647
225,4.415181177572167e-08,1756740416.2256362
226,6.104599935810823e-08,1756740439.0458827
227,8.289546804194742e-08,1756740461.8102086
228,4.386251699051955e-08,1756740484.6868966
229,5.0664956919805005e-08,1756740507.525458
230,4.913734399957042e-08,1756740530.3467984
231,4.8688944660990137e-08,1756740553.219331
232,4.349910454223236e-08,1756740576.0275345
233,4.160505064887616e-08,1756740598.8792038
234,5.985315660442069e-08,1756740621.724933
235,4.473110962172735e-08,1756740644.4815924
236,4.2216835578306944e-08,1756740667.2672193
237,4.361604892689707e-08,1756740690.086701
238,1.0898930119841379e-07,1756740712.9079177
239,4.881864580664245e-08,1756740735.806228
240,4.4064789115329114e-08,1756740758.7225456
241,4.306856212790141e-08,1756740781.5864818
242,7.224764982859125e-08,1756740804.4215448
243,6.072409048685379e-08,1756740827.2349522
244,4.396253494595499e-08,1756740849.9824371
245,4.6344198253323955e-08,1756740872.835098
246,4.4447890507807674e-08,1756740895.6724436
247,4.735934462367009e-08,1756740918.6798885
248,7.424934275991615e-08,1756740941.5839858
249,6.34262278693492e-08,1756740964.543761
250,4.4180177114827707e-08,1756740987.380934
251,4.506405556148848e-08,1756741010.146569
252,4.258888605440984e-08,1756741032.9383655
253,4.4702030487525796e-08,1756741055.7259657
254,4.3665575803632464e-08,1756741078.6023614
255,5.993666921770167e-08,1756741101.4356515
256,8.307297181210797e-08,1756741124.285196
257,4.341623596368797e-08,1756741147.1500616
258,5.2790651784865014e-08,1756741169.9513178
259,6.9175524039566e-08,1756741192.8662283
260,7.081515708451412e-08,1756741215.692657
261,6.361942524861726e-08,1756741238.484875
262,5.6585143602136375e-08,1756741261.294647
263,4.493773929999616e-08,1756741284.0700748
264,5.1940957521854495e-08,1756741306.8598888
265,4.412058705032727e-08,1756741329.6050067
266,4.3299584614206775e-08,1756741352.5085711
267,6.672170398032725e-08,1756741375.3963645
268,5.1800658810929854e-08,1756741398.2775264
269,4.4736349017841683e-08,1756741421.1337395
270,4.385015161758031e-08,1756741443.9904666
271,5.100249920744156e-08,1756741466.7793112
272,4.482209505458211e-08,1756741489.5990727
273,4.734736364394421e-08,1756741512.4264083
274,4.3076625683217694e-08,1756741535.2626624
275,4.4482893409151554e-08,1756741558.1083581
276,4.4985304800757367e-08,1756741580.9602442
277,6.056660322642765e-08,1756741603.8100216
278,6.598447200779896e-08,1756741626.5944474
279,4.523214035899814e-08,1756741649.396216
280,5.939173088620832e-08,1756741672.1724935
281,6.037856840220778e-08,1756741694.9611225
282,4.744929468262494e-08,1756741717.8672044
283,6.722403477090661e-08,1756741740.6935341
284,6.867812876208796e-08,1756741763.46207
285,5.085642337501983e-08,1756741786.324905
286,6.418768135491545e-08,1756741809.131709
287,6.265150957726057e-08,1756741831.9260263
288,6.830833210086378e-08,1756741855.0244153
289,4.436536499089245e-08,1756741877.8321059
290,6.217604340435321e-08,1756741900.6200242
291,6.317874557489845e-08,1756741923.3866742
292,4.566053031470123e-08,1756741946.2357278
293,4.461201299070058e-08,1756741969.1422484
294,5.606232750733998e-08,1756741992.0621085
295,3.821483543109208e-08,1756742014.8232162
296,6.778374749810343e-08,1756742037.6143167
297,6.232802329749014e-08,1756742060.3626294
298,6.527947439122122e-08,1756742083.2165713
299,4.3568960444011255e-08,1756742105.934752
300,5.5678831496008095e-08,1756742128.693541
301,6.11999708015106e-08,1756742151.5127165
302,4.486066789127518e-08,1756742174.3502674
303,6.263419397790869e-08,1756742197.1886795
304,6.778279902318941e-08,1756742219.962733
305,4.865635512800895e-08,1756742242.820399
306,5.857399270779943e-08,1756742265.5484571
307,6.80674681449818e-08,1756742288.4052236
308,4.2507065749904555e-08,1756742311.1271365
309,5.924492506080247e-08,1756742333.967
310,4.360538492627283e-08,1756742356.7633083
311,5.675583583288582e-08,1756742379.5173671
312,6.58676509851539e-08,1756742402.3158636
313,4.5040155127485736e-08,1756742425.0515306
314,6.816314915034825e-08,1756742448.0058177
315,4.974428820390954e-08,1756742470.8282282
316,5.962381249563355e-08,1756742493.7173789
317,4.906876183211148e-08,1756742516.5657382
318,4.486452999796643e-08,1756742539.4134684
319,6.193672689527125e-08,1756742562.3587487
320,4.348653742596621e-08,1756742585.1234827
321,5.107158161315578e-08,1756742607.9102948
322,4.4545567085228784e-08,1756742630.721386
323,4.5007539115437644e-08,1756742653.5275059
324,6.134403455761506e-08,1756742676.3368168
325,6.598742917503333e-08,1756742699.1721067
326,4.234398997197777e-08,1756742721.9278827
327,4.470206149356131e-08,1756742744.7014577
328,4.272571592041214e-08,1756742767.5300539
329,6.457925447223377e-08,1756742790.3341298
330,5.951785644318494e-08,1756742813.0826848
331,4.688662648490899e-08,1756742835.9380255
332,4.420226863909306e-08,1756742858.7364872
333,5.082278916733752e-08,1756742881.4859312
334,4.414546517142906e-08,1756742904.3219936
335,6.306306833131482e-08,1756742927.0743062
336,6.851816320657945e-08,1756742949.932739
337,6.105928274655758e-08,1756742972.729089
338,4.368878646632236e-08,1756742995.5844603
339,6.947587314121098e-08,1756743018.454981
340,4.5262367019308996e-08,1756743041.2829182
341,7.3536338898001e-08,1756743064.0915728
342,4.247766387888433e-08,1756743086.9643884
343,6.547307654210443e-08,1756743109.7554457
344,4.3732978379491954e-08,1756743132.4933264
345,4.454247172068048e-08,1756743155.325161
346,5.4558362019221667e-08,1756743178.1040978
347,6.780653059489772e-08,1756743200.9887223
348,4.289521699243307e-08,1756743223.8474183
349,4.313944574368455e-08,1756743246.6667528
350,6.034464529593359e-08,1756743269.3837662
351,6.561999676851927e-08,1756743292.1960163
352,4.3304008083359945e-08,1756743315.0761886
353,4.5129531903860176e-08,1756743337.8430865
354,4.379202960748752e-08,1756743360.6194901
355,4.3664210378315434e-08,1756743383.4246047
356,5.8189342489414355e-08,1756743406.2062283
357,4.32594994056842e-08,1756743429.0612292
358,5.545963752728362e-08,1756743451.8324134
359,7.011396379707308e-08,1756743474.6647577
360,4.060864701777169e-08,1756743497.44051
361,4.2918266641665276e-08,1756743520.2564628
362,4.4665772923150787e-08,1756743543.023934
363,7.877192672152346e-08,1756743565.811889
364,6.856138000535518e-08,1756743588.6197007
365,6.807093154449475e-08,1756743611.3798292
366,6.642398796183988e-08,1756743634.2314463
367,7.087665915291613e-08,1756743657.0875833
368,4.350915740808286e-08,1756743680.0443773
369,4.278437212541851e-08,1756743702.813247
370,4.691187762333713e-08,1756743725.6360612
371,4.3988258050874426e-08,1756743748.374751
372,7.545490517463533e-08,1756743771.2008126
373,4.948992318230836e-08,1756743794.01489
374,4.377590371274829e-08,1756743816.8724775
375,4.456902435994635e-08,1756743839.6930113
376,4.418262927573149e-08,1756743862.481096
377,4.318184968197301e-08,1756743885.2434258
378,8.650073739855542e-08,1756743908.1666653
379,5.9144715416957073e-08,1756743930.972228
380,4.4005058644842306e-08,1756743953.747349
381,6.852809390822865e-08,1756743976.5576246
382,6.099837987784298e-08,1756743999.362201
383,6.100361869680104e-08,1756744022.155579
384,6.498081309759389e-08,1756744044.9679995
385,6.730706115781888e-08,1756744067.7045834
386,5.947469566490967e-08,1756744090.4768019
387,7.448091641730439e-08,1756744113.2867217
388,4.1739692092001876e-08,1756744136.0565865
389,4.198845602009917e-08,1756744158.8529847
390,4.322648719458833e-08,1756744181.7601948
391,4.3656748851841994e-08,1756744204.680001
392,4.870877829059826e-08,1756744227.5624394
393,5.072476697290394e-08,1756744250.5326457
394,6.138931507845027e-08,1756744273.3523583
395,4.226083285227763e-08,1756744296.1979768
396,4.9863503893704244e-08,1756744319.101452
397,7.019350238567769e-08,1756744341.9082885
398,4.558181551500002e-08,1756744364.8139632
399,4.394285460713018e-08,1756744387.6941202
400,5.2484490297604734e-08,1756744410.5639224
401,6.022924429240698e-08,1756744433.4193463
402,7.056440663298985e-08,1756744456.2363737
403,4.366883413861468e-08,1756744479.1161034
404,4.4076242164082016e-08,1756744501.9038684
405,4.3112075504726733e-08,1756744524.7233758
406,6.61515938229374e-08,1756744547.4916441
407,6.585081575297808e-08,1756744570.303194
408,4.4546906963344353e-08,1756744593.1042938
409,4.272442011576011e-08,1756744615.856453
410,6.234674977967626e-08,1756744638.6999376
411,5.3209722999588976e-08,1756744661.6165326
412,4.518523202270427e-08,1756744684.509087
413,4.235748021141568e-08,1756744707.3776221
414,4.211164072013152e-08,1756744730.169423
415,4.294182852361569e-08,1756744752.9773912
416,4.2107009383186324e-08,1756744775.7688384
417,1.0147180243439072e-07,1756744798.6390824
418,4.206274977684388e-08,1756744821.5274482
419,4.879754642873462e-08,1756744844.402504
420,4.331148873869205e-08,1756744867.2372367
421,6.004499753833983e-08,1756744890.0254166
422,6.04313317590445e-08,1756744912.834477
423,5.600260896399815e-08,1756744935.6617918
424,4.3805048711407074e-08,1756744958.488211
425,4.368857517955485e-08,1756744981.3202455
426,4.404784228198052e-08,1756745004.0897462
427,4.231116263539897e-08,1756745026.9413316
428,4.096339747857921e-08,1756745049.6868713
429,7.679459341949297e-08,1756745072.4958446
430,5.983593608986239e-08,1756745095.2502472
431,4.4543385135073185e-08,1756745118.0925817
432,4.261837087193016e-08,1756745140.981318
433,4.015695447355799e-08,1756745163.8260937
434,4.368621720445989e-08,1756745186.5951376
435,5.6071322452692077e-08,1756745209.4529006
436,4.278158433786831e-08,1756745232.2116206
437,5.957560422569507e-08,1756745255.0293095
438,4.4252388050825275e-08,1756745277.8155444
439,4.400310803137655e-08,1756745300.612341
440,4.4838493637604556e-08,1756745323.4406862
441,4.4334115467699173e-08,1756745346.266052
442,4.3384770503770305e-08,1756745369.0795195
443,6.754241711123642e-08,1756745391.9717648
444,4.4643126609704955e-08,1756745414.7373278
445,4.363593383660621e-08,1756745437.599866
446,7.116830581759944e-08,1756745460.3870783
447,6.118358041036352e-08,1756745483.2324266
448,7.076967051098305e-08,1756745505.9957697
449,4.3368286305158535e-08,1756745528.728135
450,4.375543690690262e-08,1756745551.5966349
451,4.9577807320603026e-08,1756745574.467598
452,6.081372523708738e-08,1756745597.3830252
453,4.39889750847213e-08,1756745620.3244987
454,4.395562749646651e-08,1756745643.1562126
455,6.76419230622572e-08,1756745665.9730856
456,6.104774632745663e-08,1756745688.8202744
457,4.624645399598904e-08,1756745711.7147615
458,6.556184557872414e-08,1756745734.5281217
459,6.906625825075361e-08,1756745757.3811364
460,6.206990817530305e-08,1756745780.2274795
461,5.3440029351123235e-08,1756745803.0269215
462,4.271029047358518e-08,1756745825.7989447
463,5.997178949874698e-08,1756745848.6029246
464,4.4011200118504906e-08,1756745871.4436383
465,4.422782656925834e-08,1756745894.1566548
466,4.381934112482687e-08,1756745916.9813516
467,7.231364427228622e-08,1756745939.8190656
468,7.889256496683087e-08,1756745962.6467261
469,6.57710988087452e-08,1756745985.4736602
470,6.584404504038663e-08,1756746008.3417146
471,5.0231720365750646e-08,1756746031.1842375
472,4.889344885134303e-08,1756746053.954029
473,1.2654419789116283e-07,1756746076.7825108
474,6.20446071510695e-08,1756746099.548104
475,4.992380910629539e-08,1756746122.3942003
476,6.165526664629332e-08,1756746145.246253
477,4.900545113621271e-08,1756746168.056554
478,5.9383201207518285e-08,1756746190.9555166
479,6.717157742222377e-08,1756746213.765311
480,4.4659366239024393e-08,1756746236.5473032
481,4.441454317797583e-08,1756746260.433071
482,4.1059807485051114e-08,1756746283.3905993
483,4.11357936441553e-08,1756746306.5486596
484,4.483937100501313e-08,1756746329.6425326
485,6.314258706053313e-08,1756746352.5817583
486,4.271494582572579e-08,1756746375.4229324
487,4.527395690854384e-08,1756746398.236359
488,7.230713721963373e-08,1756746421.0110168
489,7.46998110345921e-08,1756746443.780975
490,4.408825513705693e-08,1756746466.534526
491,4.265509110176706e-08,1756746489.3704407
492,4.5845677300898706e-08,1756746512.1189036
493,4.404663470812572e-08,1756746534.9358318
494,4.4009301678323433e-08,1756746557.7142563
495,4.303685126910758e-08,1756746580.5692377
496,5.93046048813482e-08,1756746603.3458774
497,4.428425188431923e-08,1756746626.2062712
498,5.923782333308512e-08,1756746649.0212421
499,4.42765728561195e-08,1756746671.7925563
500,6.091443565142407e-08,1756746694.63523
501,4.956931458407744e-08,1756746717.5212154
502,6.076472958567667e-08,1756746740.2930934
503,6.55338427996028e-08,1756746763.1441755
504,4.289342727679824e-08,1756746785.9812188
505,4.282029455811588e-08,1756746808.8111665
506,5.9267009442777285e-08,1756746831.6175678
507,6.1335768257804e-08,1756746854.4930754
508,4.3924162458510127e-08,1756746877.3821537
509,6.069552091843753e-08,1756746900.2233098
510,5.972044867081456e-08,1756746923.0327864
511,4.552360630391869e-08,1756746945.8769853
512,4.3925924813184255e-08,1756746968.6771882
513,4.345682752600761e-08,1756746991.4526782
514,6.67978937054129e-08,1756747014.2559752
515,4.2592713590711666e-08,1756747037.0284076
516,4.331930714712114e-08,1756747059.8184001
517,4.260746502598533e-08,1756747082.624026
518,7.541948317476949e-08,1756747105.4160733
519,4.343684783432371e-08,1756747128.1903963
520,7.745516582908677e-08,1756747151.0741775
521,4.376029258039191e-08,1756747173.966357
522,4.3534200290314715e-08,1756747196.8358734
523,4.975981518210986e-08,1756747219.779414
524,5.831956805282778e-08,1756747242.6237273
525,4.443458903181142e-08,1756747265.421059
526,6.05034339364027e-08,1756747288.2484484
527,6.454248214724176e-08,1756747311.097531
528,4.3922494477635936e-08,1756747333.959201
529,4.344208121000209e-08,1756747356.9665365
530,4.325084177347776e-08,1756747379.8157055
531,6.196421317228853e-08,1756747402.678866
532,6.133872940873204e-08,1756747425.5492048
533,6.940489862176502e-08,1756747448.410172
534,5.372406175693181e-08,1756747471.2743394
535,6.541879187082027e-08,1756747494.0713267
536,4.250823095624815e-08,1756747516.9702637
537,5.107243981094706e-08,1756747539.7754073
538,4.3544862272707524e-08,1756747562.5920503
539,6.147532525593487e-08,1756747585.675258
540,4.528447418555399e-08,1756747608.5595574
541,4.432347147078605e-08,1756747631.390324
542,4.964119158819619e-08,1756747654.2619576
543,5.593731395885791e-08,1756747677.0981584
544,5.9004790864948935e-08,1756747700.0025597
545,4.315757667130101e-08,1756747722.9108562
546,4.4283994807538944e-08,1756747745.870911
547,4.5469783095047946e-08,1756747768.7654436
548,4.45477928525962e-08,1756747791.6734521
549,6.030334810151205e-08,1756747814.617464
550,1.1553409111665861e-07,1756747837.5113046
551,8.242141327037626e-08,1756747860.3804924
552,4.377017658603606e-08,1756747883.2903774
553,8.149423645077762e-08,1756747906.2372963
554,5.083467487570539e-08,1756747929.032371
555,4.344088146912249e-08,1756747951.8525214
556,5.066698108657274e-08,1756747974.6881948
557,4.789778463897602e-08,1756747997.564471
558,6.525144809376018e-08,1756748020.3383489
559,4.347437806792307e-08,1756748043.173329
560,7.484636542590073e-08,1756748066.0038445
561,6.73137350766129e-08,1756748088.7905903
562,4.426865750514133e-08,1756748111.6891873
563,4.472554221084368e-08,1756748134.5710561
564,5.947082599758407e-08,1756748157.4009466
565,4.598149004800516e-08,1756748180.2063186
566,4.2437714734359964e-08,1756748202.9383636
567,6.501494302596137e-08,1756748225.7943685
568,6.353582719139373e-08,1756748248.6381297
569,5.7073199013757375e-08,1756748271.4713311
570,4.268497045911907e-08,1756748294.3193176
571,5.415123513536657e-08,1756748317.1169639
572,4.367022498445679e-08,1756748339.902928
573,5.13010290052813e-08,1756748362.761145
574,4.30607724480963e-08,1756748385.5803995
575,6.66763354363433e-08,1756748408.3534505
576,5.954658960381118e-08,1756748431.3432243
577,5.5427386716103234e-08,1756748454.1833067
578,5.136072984125551e-08,1756748476.9961019
579,6.093000482213901e-08,1756748499.8017418
580,6.506166962893315e-08,1756748522.6921217
581,4.864153873576136e-08,1756748545.561448
582,4.9421397983722466e-08,1756748568.4039338
583,7.468932671065488e-08,1756748591.276906
584,4.6170081993074674e-08,1756748614.0848095
585,4.346654395152733e-08,1756748636.9378538
586,5.930232283088221e-08,1756748659.7321942
587,4.319540251940244e-08,1756748682.544058
588,4.3236364608384526e-08,1756748705.3919816
589,6.38429989042316e-08,1756748728.2570858
590,4.411270323375858e-08,1756748751.1354773
591,3.277321628115032e-08,1756748774.0040524
592,4.4005587133052585e-08,1756748796.8972244
593,6.05062351574577e-08,1756748819.7240126
594,4.3765362009035954e-08,1756748842.5875893
595,4.434867451669235e-08,1756748865.4570665
596,4.362024733892982e-08,1756748888.331371
597,6.149572004042467e-08,1756748911.2085261
598,4.501600207256002e-08,1756748933.9950714
599,4.4214798941866185e-08,1756748956.762734
600,6.24911512675353e-08,1756748979.643371
601,7.866235583342176e-08,1756749002.5135083
602,6.092751611527676e-08,1756749025.3953717
603,6.100909599338063e-08,1756749048.2298706
604,4.361294882089179e-08,1756749071.0959084
605,7.381806459000599e-08,1756749093.8747218
606,5.91753454530974e-08,1756749116.6550865
607,6.56032775564222e-08,1756749139.420696
608,8.591375547495577e-08,1756749162.2884207
609,7.131542894728608e-08,1756749185.1338453
610,5.0202562105339164e-08,1756749208.0044577
611,4.402038191819479e-08,1756749230.8950913
612,4.634353108262292e-08,1756749253.6695337
613,1.0277970291763872e-07,1756749276.5136046
614,4.636088623988188e-08,1756749299.5303786
615,4.3778528072731595e-08,1756749322.3741045
616,4.2272845192527225e-08,1756749345.2249882
617,4.38565100580325e-08,1756749368.0122378
618,5.22224407648346e-08,1756749390.8489475
619,4.414991633273829e-08,1756749413.6639504
620,4.3542535251007344e-08,1756749436.7371
621,6.710545064232923e-08,1756749459.5643678
622,6.716900631769417e-08,1756749482.365744
623,4.2892334765576765e-08,1756749505.2038348
624,4.419025952713807e-08,1756749528.0541701
625,4.381096548798187e-08,1756749550.8695889
626,6.863317743734836e-08,1756749573.743853
627,4.379573414713052e-08,1756749596.5383947
628,4.363456149741045e-08,1756749619.4103093
629,6.651307662327284e-08,1756749642.3269339
630,4.381852711692718e-08,1756749665.3243165
631,4.317823294496731e-08,1756749688.1184707
632,5.115593872463753e-08,1756749710.9640658
633,6.282577811974236e-08,1756749733.871141
634,6.810938409030973e-08,1756749756.6419477
635,4.9605366718211714e-08,1756749779.4876962
636,6.6605487837774e-08,1756749802.387633
637,4.269699989433573e-08,1756749825.2169259
638,6.458744252223987e-08,1756749848.1434157
639,4.3359503268767944e-08,1756749870.9847946
640,4.3227348642695936e-08,1756749893.7893207
641,4.396871973973659e-08,1756749916.587563
642,4.4389963210533884e-08,1756749939.4420812
643,6.004375498098982e-08,1756749962.3262243
644,6.179444890028178e-08,1756749985.1758206
645,6.248222692816468e-08,1756750007.9480832
646,4.3057374672881795e-08,1756750030.8094764
647,4.6758119457046547e-08,1756750053.7004268
648,7.309696040400054e-08,1756750076.5576682
649,6.320007438151594e-08,1756750099.4105902
650,6.461951095972766e-08,1756750122.2321532
651,5.697342559499868e-08,1756750145.2023149
652,4.614877980608111e-08,1756750168.0795367
653,6.344921320946346e-08,1756750190.8801136
654,5.469305194421916e-08,1756750213.6389472
655,7.940471018325441e-08,1756750236.407238
656,6.05025508386914e-08,1756750259.3145452
657,4.788927822241252e-08,1756750282.1552684
658,4.194020954345533e-08,1756750305.0198762
659,4.84598799991517e-08,1756750327.7985663
660,4.3944187107566126e-08,1756750350.6433976
661,4.343861971081241e-08,1756750373.4405348
662,6.776615532848072e-08,1756750396.3254225
663,5.8602890723335806e-08,1756750419.2275696
664,4.808200265543217e-08,1756750441.9496672
665,4.2616908855830226e-08,1756750464.6840043
666,6.365552235501378e-08,1756750487.489951
667,4.3628528005984964e-08,1756750510.3274696
668,4.352465589895188e-08,1756750533.1399248
669,5.894915186601161e-08,1756750556.0351624
670,5.964449205278785e-08,1756750578.8831341
671,5.020555070333953e-08,1756750601.7137258
672,5.872321517584958e-08,1756750624.6280763
673,6.768954977177293e-08,1756750647.4116092
674,4.883157852796226e-08,1756750670.2157786
675,4.281388996980853e-08,1756750693.0509293
676,6.271485832163223e-08,1756750715.8675556
677,4.3848781791279456e-08,1756750738.7327576
678,4.370201765475584e-08,1756750761.5268595
679,6.529316252350488e-08,1756750784.3280926
680,5.892918999536812e-08,1756750807.1746783
681,7.107247636271079e-08,1756750830.0328119
682,6.072492370994041e-08,1756750852.9362004
683,6.28072346102197e-08,1756750875.7867932
684,4.407832670134615e-08,1756750898.6237307
685,4.9275163402031204e-08,1756750921.4872468
686,6.291317722334877e-08,1756750944.2931054
687,8.17554917288038e-08,1756750967.1654243
688,4.327127195379893e-08,1756750990.0116725
689,7.159741796047629e-08,1756751012.888571
690,6.001401430976108e-08,1756751035.8209639
691,4.543982068097321e-08,1756751058.624931
692,4.541411084355882e-08,1756751081.494011
693,1.2105800616052759e-07,1756751104.2834496
694,4.48174171786131e-08,1756751127.116824
695,4.4680419802792415e-08,1756751149.9709494
696,6.118985953368235e-08,1756751172.7986856
697,4.4465586351028244e-08,1756751195.604182
698,6.108074954325492e-08,1756751218.4753997
699,6.162955950219194e-08,1756751241.2882686
700,4.253037349498227e-08,1756751264.072442
701,5.162494776519811e-08,1756751286.9396093
702,4.856460541446504e-08,1756751309.7511306
703,4.480283844206519e-08,1756751332.5284274
704,5.99567455562008e-08,1756751355.3670628
705,4.6513072174024697e-08,1756751378.2235682
706,5.8036142650410855e-08,1756751401.0659728
707,5.299822815493217e-08,1756751423.962254
708,4.2843740045797536e-08,1756751446.8525238
709,6.630631292685503e-08,1756751469.7802744
710,4.7228240562383517e-08,1756751492.6263075
711,7.642725342832773e-08,1756751515.4335277
712,4.995143101199162e-08,1756751538.2032828
713,5.5752239296349063e-08,1756751560.967323
714,4.409521117260934e-08,1756751583.767074
715,4.28472001985306e-08,1756751606.737502
716,4.450678638628822e-08,1756751629.5419843
717,5.950835935612473e-08,1756751652.3688033
718,4.5254026170368565e-08,1756751675.2220635
719,6.777918483917876e-08,1756751698.0686643
720,4.427058324911262e-08,1756751720.9455125
721,6.04921147471568e-08,1756751743.9073102
722,4.328199258326539e-08,1756751766.672223
723,6.027937452560861e-08,1756751789.512307
724,4.7198639715219015e-08,1756751812.3290248
725,4.2568745902905315e-08,1756751835.2522652
726,4.4718078445129726e-08,1756751858.0283725
727,6.195666501816675e-08,1756751880.7699475
728,5.335980427324263e-08,1756751903.582893
729,4.369359475850736e-08,1756751926.539998
730,6.420567986184546e-08,1756751949.4169672
731,5.558772380071374e-08,1756751972.2519646
732,4.498929517915034e-08,1756751995.0277925
733,5.953374178739541e-08,1756752017.9102201
734,6.99755758751466e-08,1756752040.8130724
735,8.146621900042433e-08,1756752063.68775
736,4.424455027428577e-08,1756752086.4789257
737,5.0910986044599005e-08,1756752109.370882
738,6.066575228602439e-08,1756752132.180155
739,5.593258383404631e-08,1756752155.0761154
740,4.3548403868906217e-08,1756752177.956195
741,4.452989908985349e-08,1756752200.835568
742,6.57078889350132e-08,1756752223.612819
743,4.439958813366021e-08,1756752246.4365115
744,6.834409967506856e-08,1756752269.3096876
745,8.224859729889763e-08,1756752292.1575441
746,4.293718970132792e-08,1756752314.921804
747,5.100171551525883e-08,1756752337.7575169
748,4.4070134178093336e-08,1756752360.6632824
749,6.858692690402449e-08,1756752383.4992297
750,4.617486114955025e-08,1756752406.3288975
751,4.8850945474390845e-08,1756752429.1761093
752,4.9392703111981725e-08,1756752451.9683073
753,4.410090436337711e-08,1756752474.8065279
754,4.377597271109329e-08,1756752497.7410865
755,4.7930554172956654e-08,1756752520.6214898
756,4.996362610000345e-08,1756752543.418238
757,4.2804480292035366e-08,1756752566.2221408
758,8.036808828433534e-08,1756752589.0116532
759,4.428095636601576e-08,1756752611.7852414
760,6.001648017918395e-08,1756752634.6669214
761,4.675540247682016e-08,1756752657.5013385
762,4.4238546481103105e-08,1756752680.2505968
763,6.777919765091279e-08,1756752703.0387263
764,5.954355095029497e-08,1756752726.115871
765,5.8692175402400154e-08,1756752749.019962
766,5.962215648422379e-08,1756752771.787178
767,4.5352246557449535e-08,1756752794.650569
768,4.3225893945992463e-08,1756752817.472386
769,6.84452301346413e-08,1756752840.28211
770,6.091970186181719e-08,1756752863.0905175
771,6.077747416178695e-08,1756752885.9047616
772,4.1689502232448034e-08,1756752908.7173126
773,6.168730270072991e-08,1756752931.5508347
774,5.296863750203303e-08,1756752954.3650599
775,4.649099960291104e-08,1756752977.225776
776,4.4638566912584557e-08,1756753000.0385551
777,4.510059630347758e-08,1756753022.8660462
778,7.733789114857094e-08,1756753045.6771255
779,4.394650989256442e-08,1756753068.5277047
780,4.349733259057321e-08,1756753091.4759526
781,4.462305465409243e-08,1756753114.360445
782,5.8141743342295986e-08,1756753137.2796032
783,6.159784596275107e-08,1756753160.1767578
784,6.035029697422795e-08,1756753182.995203
785,5.181712467302728e-08,1756753205.90369
786,8.498597029976888e-08,1756753228.6496742
787,4.541253386022889e-08,1756753251.4699118
788,4.6804672580130373e-08,1756753274.3991275
789,6.204622997623514e-08,1756753297.2792044
790,7.296691262532581e-08,1756753320.1282501
791,6.663636045523909e-08,1756753343.0753167
792,7.40797355640878e-08,1756753365.8738072
793,7.236923449452663e-08,1756753388.709572
794,4.526236235668885e-08,1756753411.5589924
795,4.454115704875494e-08,1756753434.4157352
796,4.471025489895475e-08,1756753457.2455368
797,4.4408056107602123e-08,1756753480.1321814
798,8.093781297295414e-08,1756753503.0035925
799,4.298670511562612e-08,1756753525.831466
800,5.2185639217550925e-08,1756753548.6577716
801,5.044399968198632e-08,1756753571.5884376
802,7.249989384972068e-08,1756753594.5027857
803,4.763007303089503e-08,1756753617.3979766
804,4.499022057206531e-08,1756753640.231728
805,6.72692653129458e-08,1756753663.0496144
806,6.143025087752568e-08,1756753685.9063756
807,5.140430580507399e-08,1756753708.7833474
808,4.397349500455546e-08,1756753731.760725
809,6.341988710858246e-08,1756753754.5882378
810,4.527440022568639e-08,1756753777.4532928
811,6.031175445057891e-08,1756753800.2667084
812,4.442212110334042e-08,1756753823.1061184
813,4.5142452312394195e-08,1756753845.971777
814,6.531402143722642e-08,1756753868.880811
815,4.34553639482212e-08,1756753891.7149107
816,5.2668475898459555e-08,1756753914.5449817
817,4.3988185224031585e-08,1756753937.446457
818,4.626169544930283e-08,1756753960.3584926
819,5.729958825943646e-08,1756753983.4115086
820,9.038104719613333e-08,1756754006.2120948
821,4.3164524358618235e-08,1756754029.0667071
822,5.438670651645835e-08,1756754052.0021095
823,6.785899427904414e-08,1756754074.876352
824,5.777826453764289e-08,1756754097.7775073
825,6.08820396887093e-08,1756754120.644222
826,6.245780562392202e-08,1756754143.4151578
827,6.098704308028344e-08,1756754166.2702959
828,6.348135596143571e-08,1756754189.1383936
829,4.74990111200428e-08,1756754211.9762175
830,4.2891983936259936e-08,1756754234.899382
831,5.583928940792388e-08,1756754257.810396
832,5.753337741862899e-08,1756754280.6363313
833,4.205674560001737e-08,1756754303.5274622
834,4.731646378611274e-08,1756754326.3598988
835,4.4662957746469156e-08,1756754349.1883595
836,4.3268442596945413e-08,1756754371.9699955
837,4.375799064121439e-08,1756754394.8223586
838,4.216132947823045e-08,1756754417.630648
839,4.4478931029402385e-08,1756754440.514927
840,4.406359575169942e-08,1756754463.3686767
841,4.4794886286327684e-08,1756754486.281943
842,5.853493126762597e-08,1756754509.0921001
843,5.9484126356245215e-08,1756754531.9154694
844,4.392822798321908e-08,1756754554.72989
845,6.328578610553874e-08,1756754577.596557
846,5.541641591293881e-08,1756754600.45272
847,4.9871436150569004e-08,1756754623.251619
848,5.0306645035068896e-08,1756754646.1240277
849,5.352631332922664e-08,1756754669.0034046
850,4.59790626616695e-08,1756754691.9168642
851,4.4846739775880774e-08,1756754714.8062062
852,4.917021232616574e-08,1756754737.6419384
853,5.039483405795174e-08,1756754760.536085
854,6.699332116038795e-08,1756754783.4036365
855,5.968998401482588e-08,1756754806.2992177
856,4.413441761544636e-08,1756754829.1545274
857,4.5217442068764956e-08,1756754852.045366
858,4.577827199079641e-08,1756754874.9471278
859,6.070653507893734e-08,1756754897.79007
860,4.474586824304542e-08,1756754920.5899067
861,5.933440855794081e-08,1756754943.4861696
862,4.3854483120159513e-08,1756754966.3619113
863,4.6344265467340095e-08,1756754989.2421794
864,6.868030564695678e-08,1756755012.196849
865,4.8956498883385244e-08,1756755035.0876272
866,6.210278859773906e-08,1756755057.9717252
867,4.54889822115271e-08,1756755080.8926218
868,6.146066348514094e-08,1756755103.7095013
869,5.989932818988982e-08,1756755126.4759412
870,8.065951387372263e-08,1756755149.241603
871,4.771609808843999e-08,1756755172.064709
872,6.036412548357718e-08,1756755194.9831073
873,5.8278670589572203e-08,1756755217.872945
874,4.337174618624976e-08,1756755240.7495182
875,4.46143132645656e-08,1756755263.603285
876,4.567972884935818e-08,1756755286.5910554
877,4.4354539350847986e-08,1756755309.4424474
878,6.01566895832306e-08,1756755332.248623
879,4.3892205805088256e-08,1756755355.1783054
880,4.881026413142714e-08,1756755378.067532
881,4.8276547241422185e-08,1756755400.9441583
882,4.483086669408363e-08,1756755423.7918
883,6.255165854061296e-08,1756755446.5759056
884,5.057734486711447e-08,1756755469.5015686
885,9.133548532573023e-08,1756755492.3435543
886,4.459859188457426e-08,1756755515.3481147
887,6.367055851791994e-08,1756755538.2242694
888,6.044995722267831e-08,1756755561.1165953
889,1.0259930064882595e-07,1756755584.0080519
890,4.196213110889367e-08,1756755606.89161
891,4.3149093489978085e-08,1756755629.705865
892,6.595504880547796e-08,1756755652.7126675
893,5.986955344081082e-08,1756755675.7006385
894,5.887741419714483e-08,1756755698.7431686
895,6.84637581199865e-08,1756755721.6156273
896,4.3908139706860906e-08,1756755744.37094
897,4.049732465807833e-08,1756755767.2175393
898,5.740007453980354e-08,1756755790.0497882
899,4.460812541316108e-08,1756755812.9585657
900,4.319458016247361e-08,1756755835.7872133
901,4.791470322012517e-08,1756755858.63952
902,4.882642575333345e-08,1756755881.5605156
903,4.132456733908632e-08,1756755904.406872
904,4.1467848655823725e-08,1756755927.2308295
905,6.00220729569078e-08,1756755950.1452525
906,4.4123023998239685e-08,1756755973.1253421
907,6.651274082560707e-08,1756755995.9637601
908,4.394410925286966e-08,1756756018.9215064
909,4.2792312592821145e-08,1756756041.8222284
910,7.772286150284916e-08,1756756064.6886945
911,5.881088084856581e-08,1756756087.517755
912,5.8153821526489037e-08,1756756110.4221122
913,4.557535294030184e-08,1756756133.3202639
914,4.432062035949783e-08,1756756156.23079
915,5.9432040011122785e-08,1756756179.0925736
916,4.3469346445328507e-08,1756756201.9503884
917,4.314199296276584e-08,1756756224.8255665
918,6.523956378579908e-08,1756756247.6095643
919,5.7773016639255424e-08,1756756270.4587326
920,4.3232978390048846e-08,1756756293.4162343
921,5.3531059635448114e-08,1756756316.2527661
922,5.4366392009441523e-08,1756756339.0810645
923,4.2035210411894883e-08,1756756361.9273164
924,5.413040959783264e-08,1756756384.7565348
925,5.230433922772805e-08,1756756407.6126118
926,6.027035427288294e-08,1756756430.5353518
927,6.481885025955071e-08,1756756453.4625409
928,4.774131606450915e-08,1756756476.309579
929,6.004949446627896e-08,1756756499.3287542
930,5.2733924765844194e-08,1756756522.2507253
931,4.3614957875374736e-08,1756756545.0839887
932,4.4121325301048125e-08,1756756567.9478736
933,4.87285296712226e-08,1756756590.896892
934,1.0904803216090548e-07,1756756613.7357073
935,6.341072473845149e-08,1756756636.6040943
936,4.201249661838975e-08,1756756659.524231
937,4.750349706012278e-08,1756756682.3570058
938,6.08944907602077e-08,1756756705.2139127
939,6.839679009195307e-08,1756756728.0331004
940,4.3391143479977576e-08,1756756750.8570254
941,4.318129334386561e-08,1756756773.7109225
942,6.828008196421085e-08,1756756796.62621
943,4.229302450417389e-08,1756756819.5566618
944,4.244243521477267e-08,1756756842.4784157
945,6.806608807470764e-08,1756756865.3053923
946,5.5453667990184286e-08,1756756888.281363
947,6.693332722493721e-08,1756756911.1307487
948,6.944093030135629e-08,1756756933.9845421
949,4.136993242822404e-08,1756756956.8080473
950,6.685523693848438e-08,1756756979.6740727
951,5.0408694408956493e-08,1756757002.5337646
952,4.3748779318176124e-08,1756757025.4185746
953,4.342892409963424e-08,1756757048.2517133
954,4.570389672345503e-08,1756757071.1085157
955,4.8947192361032345e-08,1756757094.080361
956,4.6959784671124436e-08,1756757117.0102286
957,4.461597008103559e-08,1756757139.80359
958,4.812498961632377e-08,1756757162.638746
959,6.747726265148197e-08,1756757185.495449
960,6.479929021976691e-08,1756757208.4479692
961,4.449721019156413e-08,1756757231.2519982
962,6.590733021396599e-08,1756757254.179269
963,6.367474973848161e-08,1756757276.9846942
964,4.71565229880977e-08,1756757299.9245365
965,6.383387522593516e-08,1756757322.9562643
966,6.075317142109948e-08,1756757345.8887718
967,4.63820521520312e-08,1756757368.7452374
968,4.41706933278501e-08,1756757391.6305077
969,4.2869558346592936e-08,1756757414.7659006
970,4.290418210404726e-08,1756757437.6496065
971,5.3463037769913604e-08,1756757460.576907
972,6.679118200385145e-08,1756757483.5067797
973,4.475454858284208e-08,1756757506.4294229
974,4.3719265607737594e-08,1756757529.2983723
975,5.337771508035503e-08,1756757552.203631
976,4.421635905280022e-08,1756757575.043897
977,4.9985991653723785e-08,1756757597.9318566
978,4.4060157993091774e-08,1756757620.874526
979,5.338352331343554e-08,1756757643.6981082
980,5.972868259174595e-08,1756757666.5477772
981,5.68033660051476e-08,1756757689.4350321
982,4.400941874454245e-08,1756757712.461188
983,5.6419848605653237e-08,1756757735.3649943
984,6.123110173107493e-08,1756757758.202788
985,6.05050788015302e-08,1756757781.0524645
986,4.385606408891164e-08,1756757804.027237
987,5.2311759736765535e-08,1756757826.870281
988,5.856155075735221e-08,1756757849.7381299
989,4.473035658120789e-08,1756757872.5981414
990,5.569741729899951e-08,1756757895.7393706
991,7.586229922432247e-08,1756757918.6194432
992,4.436859276011057e-08,1756757941.559295
993,4.16437020878489e-08,1756757964.4809177
994,4.923395860296029e-08,1756757987.340125
995,7.469328085614063e-08,1756758010.1955013
996,4.673284478700985e-08,1756758033.102532
997,4.668761176190742e-08,1756758055.9669867
998,4.494663702417577e-08,1756758078.854299
999,7.710405644446121e-08,1756758101.7459784
1000,4.585541128384315e-08,1756758124.549156
1001,4.434466299828003e-08,1756758147.4207032
1002,4.512197564378821e-08,1756758170.3550794
1003,4.4238532740694737e-08,1756758193.2475936
1004,6.647147637907143e-08,1756758216.2362096
1005,4.159341851765927e-08,1756758239.139178
1006,6.120115151120989e-08,1756758262.0253227
1007,4.3853379569638446e-08,1756758284.8508573
1008,6.142056208557029e-08,1756758307.7808156
1009,4.3663900059267346e-08,1756758330.659774
1010,4.558451126150388e-08,1756758353.5481913
1011,4.49824829359253e-08,1756758376.465708
1012,4.878332874553758e-08,1756758399.3788226
1013,7.162847053826328e-08,1756758422.2920098
1014,4.235456143194709e-08,1756758445.1702228
1015,4.289618545532473e-08,1756758468.041412
1016,7.473194464097341e-08,1756758491.0055816
1017,4.3125935576605226e-08,1756758513.9384358
1018,6.178450338444954e-08,1756758536.8832848
1019,4.3783258976799154e-08,1756758559.8274117
1020,7.039468867554427e-08,1756758582.7709942
1021,6.717366114112573e-08,1756758605.6720788
1022,4.8329672524987703e-08,1756758628.5728614
1023,4.9196976033210547e-08,1756758651.541617
1024,5.861072952564031e-08,1756758674.455141
1025,4.4478809843323015e-08,1756758697.4394565
1026,4.523610246365186e-08,1756758720.3416004
1027,4.442730896317306e-08,1756758743.1917622
1028,6.076879181801083e-08,1756758766.0372262
1029,4.533267177955157e-08,1756758788.8347805
1030,4.405339241387457e-08,1756758811.712682
1031,4.248232237176875e-08,1756758834.649172
1032,5.975070624360021e-08,1756758857.5378597
1033,4.539966840103733e-08,1756758880.405901
1034,6.268397250400276e-08,1756758903.3925922
1035,5.762925046537688e-08,1756758926.306712
1036,5.888600596226089e-08,1756758949.295099
1037,4.417859368403681e-08,1756758972.2198086
1038,4.291774079464313e-08,1756758995.173052
1039,4.360980381958817e-08,1756759018.124537
1040,5.004547565205104e-08,1756759041.0241723
1041,5.669312437148863e-08,1756759064.1794353
1042,4.703638629356405e-08,1756759087.0489757
1043,6.037574090056025e-08,1756759109.9076173
1044,6.07731453996795e-08,1756759132.8163342
1045,4.327477801959168e-08,1756759155.6306279
1046,5.891177359097383e-08,1756759178.4658134
1047,6.121461796634324e-08,1756759201.4020731
1048,6.645856025621065e-08,1756759224.3549783
1049,6.096955506507316e-08,1756759247.3115935
1050,5.6983197319177315e-08,1756759270.2015512
1051,4.8326049930148794e-08,1756759293.1019764
1052,6.647906135176262e-08,1756759315.9269662
1053,6.123690489592455e-08,1756759338.825964
1054,4.423969142711313e-08,1756759361.7265494
1055,4.4057494293521944e-08,1756759384.6503127
1056,4.415774157080067e-08,1756759407.6072676
1057,4.353622273709799e-08,1756759430.4720163
1058,5.964451449340408e-08,1756759453.3606176
1059,4.3767455873782294e-08,1756759476.243344
1060,4.4009236935518115e-08,1756759499.106978
1061,6.972305252916786e-08,1756759522.012522
1062,6.406213374314072e-08,1756759544.9254298
1063,5.3447313958526265e-08,1756759567.8622887
1064,5.97805171304995e-08,1756759590.7394931
1065,6.800998336101533e-08,1756759613.6555243
1066,4.090124988192965e-08,1756759636.4458203
1067,5.0694575223953174e-08,1756759659.2264857
1068,7.296634173982258e-08,1756759682.1343327
1069,7.436691869544513e-08,1756759705.0733263
1070,4.689643214228043e-08,1756759727.9359558
1071,6.390667968719077e-08,1756759750.8322287
1072,4.9317602696893284e-08,1756759773.7522483
1073,7.75141896866736e-08,1756759796.6824908
1074,5.0881622649481515e-08,1756759819.596123
1075,4.427928220437592e-08,1756759842.4637358
1076,5.992955836154343e-08,1756759865.3942873
1077,6.701549525720634e-08,1756759888.331213
1078,4.320387254189457e-08,1756759911.2090788
1079,6.909992808020222e-08,1756759934.0768864
1080,4.439208950234922e-08,1756759956.886362
1081,4.3123811706451146e-08,1756759979.7861543
1082,4.437083720329729e-08,1756760002.6734653
1083,6.719138075949717e-08,1756760025.644537
1084,4.325308851850095e-08,1756760048.5256698
1085,4.325917818423417e-08,1756760071.5935411
1086,4.550481880140602e-08,1756760094.470947
1087,9.604327306439603e-08,1756760117.28383
1088,6.078806374588697e-08,1756760140.6062315
1089,4.5144702078738677e-08,1756760163.4609404
1090,4.461412257230697e-08,1756760186.3505385
1091,4.4912285499363913e-08,1756760209.2081203
1092,4.4580413469432795e-08,1756760232.1377993
1093,4.6661972066279265e-08,1756760255.0708506
1094,4.4396042068363675e-08,1756760277.9041512
1095,5.6451525922591164e-08,1756760300.783125
1096,4.5468224718896244e-08,1756760323.6410563
1097,4.6813192317071423e-08,1756760346.8512425
1098,8.54002267227235e-08,1756760369.686257
1099,4.5108158853317555e-08,1756760392.6207843
1100,4.4512987332599784e-08,1756760415.548829
1101,6.226954276019707e-08,1756760438.450889
1102,4.407396396074173e-08,1756760461.3866594
1103,4.326847492882877e-08,1756760484.2939775
1104,4.55776713795324e-08,1756760507.1847575
1105,5.7128897414670953e-08,1756760530.07552
1106,6.727379479272044e-08,1756760552.917117
1107,6.123547511422416e-08,1756760575.7946918
1108,5.773840992364208e-08,1756760598.6103854
1109,5.2405362153292345e-08,1756760621.8847709
1110,5.8899488889411673e-08,1756760644.749631
1111,5.033142555880506e-08,1756760667.6718304
1112,4.432223247233186e-08,1756760690.4917278
1113,5.919127474678464e-08,1756760713.4761267
1114,4.406441147928645e-08,1756760736.35387
1115,4.4217493909896106e-08,1756760759.185466
1116,5.181391763992785e-08,1756760782.0886023
1117,6.057972722305417e-08,1756760804.957026
1118,6.148397601482356e-08,1756760827.8315885
1119,4.538334625431252e-08,1756760850.6680825
1120,4.529995738120551e-08,1756760873.5494173
1121,5.5044054682549284e-08,1756760896.4109988
1122,5.896504735995044e-08,1756760919.2785046
1123,4.380478599428587e-08,1756760942.1684792
1124,6.052134971353758e-08,1756760965.1017969
1125,4.452956699271e-08,1756760987.969134
1126,6.356619819124093e-08,1756761010.92317
1127,4.500026324524331e-08,1756761033.8224146
1128,4.5864232558692735e-08,1756761056.753346
1129,4.411731810732571e-08,1756761079.6353993
1130,4.9361747602360715e-08,1756761102.5299766
1131,4.442256088061041e-08,1756761125.3187592
1132,5.648870185388096e-08,1756761148.2366562
1133,7.936410282203823e-08,1756761171.139577
1134,5.988980681358002e-08,1756761193.960561
1135,4.46600387071127e-08,1756761216.802899
1136,6.621781368134201e-08,1756761239.7060106
1137,4.948285623716238e-08,1756761262.6162806
1138,6.188498898890349e-08,1756761285.574977
1139,4.376076370522975e-08,1756761308.41733
1140,4.419836448853503e-08,1756761331.3128479
1141,4.423394263800498e-08,1756761354.2315462
1142,4.625083504082961e-08,1756761377.0830193
1143,4.442232411195346e-08,1756761399.976932
1144,6.757708394755582e-08,1756761422.8245776
1145,5.8601888839737024e-08,1756761445.739973
1146,6.736907713313475e-08,1756761468.6412966
1147,5.724036096824492e-08,1756761491.5142617
1148,5.81352407823886e-08,1756761514.3886747
1149,6.621438121607816e-08,1756761537.2454596
1150,4.6961965582478173e-08,1756761560.1339965
1151,4.555978988574116e-08,1756761583.0122461
1152,1.0439031721020173e-07,1756761605.8797982
1153,6.181850791141882e-08,1756761629.0445466
1154,6.728127141945581e-08,1756761651.949143
1155,4.396171588495147e-08,1756761674.9867296
1156,4.441567617654462e-08,1756761697.913762
1157,4.761673451280732e-08,1756761720.826815
1158,5.013399573864732e-08,1756761743.6574342
1159,4.462759359763156e-08,1756761766.491225
1160,6.154646537025347e-08,1756761789.4355614
1161,5.368274799986345e-08,1756761812.3131495
1162,4.275349463049574e-08,1756761835.232666
1163,4.438010363843454e-08,1756761858.0882015
1164,6.156259333031337e-08,1756761880.9866261
1165,5.15465989775574e-08,1756761903.926845
1166,4.496978914420779e-08,1756761926.7985764
1167,4.300753039933916e-08,1756761949.9048862
1168,4.287182454872196e-08,1756761972.7993293
1169,6.09223232204922e-08,1756761995.702685
1170,4.43376750238517e-08,1756762018.5658102
1171,8.264857578624651e-08,1756762041.507057
1172,5.3970857733410464e-08,1756762064.3208199
1173,7.474108200059885e-08,1756762087.1765063
1174,4.870269648438696e-08,1756762110.1120276
1175,7.277283332568658e-08,1756762133.0121305
1176,6.247635778858998e-08,1756762155.9214234
1177,4.400901212371747e-08,1756762178.8489842
1178,6.747336251223739e-08,1756762201.714614
1179,4.571264080629119e-08,1756762224.6194074
1180,4.484998669750257e-08,1756762247.4529681
1181,4.488506348697878e-08,1756762270.4675586
1182,1.2772068348142563e-07,1756762293.3478498
1183,4.806331817062445e-08,1756762316.2446313
1184,6.820504830256173e-08,1756762339.104754
1185,5.6153356131813845e-08,1756762362.0432653
1186,6.490042721976888e-08,1756762384.9522073
1187,4.455279634977572e-08,1756762407.8721073
1188,6.611818377193107e-08,1756762430.8273022
1189,6.551493168368704e-08,1756762453.65919
1190,4.405860448521809e-08,1756762476.6022284
1191,6.714468158574314e-08,1756762499.4618967
1192,7.270545996161468e-08,1756762522.4199288
1193,4.413897517516143e-08,1756762545.3351965
1194,6.901263399070154e-08,1756762568.275396
1195,4.465969613228257e-08,1756762591.215164
1196,6.117211172186486e-08,1756762614.1193812
1197,4.357882356479707e-08,1756762636.9123416
1198,7.144376982971945e-08,1756762659.7776134
1199,4.390224804582079e-08,1756762682.6293988
1200,9.129793131974802e-08,1756762705.5140147
1201,6.739074154714059e-08,1756762728.3700347
1202,6.639280004283564e-08,1756762751.223947
1203,4.4686724074320126e-08,1756762774.1072462
1204,7.799620384722111e-08,1756762797.0124996
1205,5.265432194494918e-08,1756762819.8714485
1206,4.380804851456381e-08,1756762842.7128673
1207,4.3958141672382844e-08,1756762865.7817166
1208,4.3837889696970036e-08,1756762888.6837955
1209,7.002359695347683e-08,1756762911.6467462
1210,4.61628378243031e-08,1756762934.5133243
1211,4.584158577473708e-08,1756762957.4426143
1212,6.825773775616209e-08,1756762980.2680826
1213,4.431193451729887e-08,1756763003.1340525
1214,4.9533386409941786e-08,1756763026.0453827
1215,6.063491997607709e-08,1756763048.8743563
1216,4.678703372253047e-08,1756763071.7258825
1217,4.415602945871617e-08,1756763094.6248038
1218,4.41505047093377e-08,1756763117.470901
1219,4.510331288457662e-08,1756763140.383525
1220,5.545092711231972e-08,1756763163.2664454
1221,6.582515674085443e-08,1756763186.1357737
1222,4.3556650344171084e-08,1756763209.0907712
1223,4.234980163003589e-08,1756763231.971996
1224,4.660539924671953e-08,1756763254.8540967
1225,4.882051063988915e-08,1756763277.7542868
1226,6.441006934691672e-08,1756763300.6154034
1227,4.7711143420432895e-08,1756763323.454842
1228,5.033650446157871e-08,1756763346.517776
1229,4.3983975689014584e-08,1756763369.3664138
1230,4.9057294015871003e-08,1756763392.2137792
1231,6.059817565803369e-08,1756763415.155821
1232,5.998310757960215e-08,1756763438.0467002
1233,4.4336582472892566e-08,1756763460.9636383
1234,6.078511170146965e-08,1756763483.8659904
1235,6.011429145772074e-08,1756763506.6807053
1236,4.4197534556191314e-08,1756763529.514518
1237,6.386983572805276e-08,1756763552.418454
1238,7.375589253279e-08,1756763575.2824965
1239,6.046387742198432e-08,1756763598.1722484
1240,9.630034701384806e-08,1756763620.979059
1241,4.416522067196637e-08,1756763643.8632152
1242,6.059693693671103e-08,1756763666.7291386
1243,4.9170833337342975e-08,1756763689.5714319
1244,4.492162135695133e-08,1756763712.492745
1245,5.224824903777463e-08,1756763735.4197533
1246,6.090206628963278e-08,1756763758.3011656
1247,6.409399017060426e-08,1756763781.194077
1248,6.524436640619755e-08,1756763804.0791218
1249,6.771006424103159e-08,1756763826.954392
1250,4.917603709075553e-08,1756763849.8139884
1251,4.844812934721775e-08,1756763872.6875072
1252,6.07971198318365e-08,1756763895.6104286
1253,5.4220896212654874e-08,1756763918.5131762
1254,8.747187758107184e-08,1756763941.3568246
1255,4.669489966778216e-08,1756763964.1778464
1256,5.857574743780785e-08,1756763987.0199506
1257,3.985789735599626e-08,1756764009.89899
1258,6.404999818516091e-08,1756764032.8845127
1259,4.415898965797637e-08,1756764055.7621202
